student_id,name,programme,year,gpa_sem1,gpa_sem2,gpa_sem3,attendance,lms_logins,facility_access,library_visits,after_hours_wifi,assignment_submissions,risk_label
N2719583,Cheryl Vasquez,BSc Computer Science,1,3.7,3.6,3.6,75,35,10,7,4,9,low
N8038374,Meghan Cox,BA English,2,3.2,3.0,2.6,71,14,2,5,7,9,medium
N2556017,Marie Lloyd,BCom Finance,3,3.5,3.7,0,85,20,8,7,6,8,low
N5918715,William Smith,BSc Mathematics,1,3.9,4.0,4.0,98,26,14,5,7,8,low
N7377459,John Gross,BSc Applied Biology,3,3.2,2.8,2.4,34,6,2,0,15,1,high
N5107245,Jennifer Obrien,BSc Statistics,2,3.3,3.3,0,96,32,7,13,3,12,low
N5491946,Kimberly Delgado,BSc Applied Biology,4,3.3,3.5,3.5,76,19,19,4,6,11,low
N5408072,Alexandra Reyes,BEng Civil Engineering,3,3.6,3.2,0,75,12,3,3,6,6,medium
N3564251,Victor Leon,BEng Civil Engineering,4,3.5,3.3,3.2,59,13,5,1,4,5,medium
N5476583,Jordan Vasquez,BEng Civil Engineering,2,3.6,3.5,0,72,5,7,1,14,9,medium
N6007072,Veronica Bailey,BA English,2,3.7,3.4,3.3,78,9,6,2,12,5,medium
N2876828,Manuel Miles,BSc Mathematics,1,3.7,3.5,0,71,5,6,3,11,5,medium
N8973915,Joel Lin,BCom Business Management,4,3.8,3.4,0,51,6,0,2,12,2,high
N7264956,Tanya Ritter,BSc Psychology,3,3.6,3.6,3.6,92,35,17,7,5,11,low
N1987737,Rebecca Lopez,BSc Psychology,2,3.2,2.6,0,55,1,1,0,10,6,high
N8930103,Louis Moore,BSc Mathematics,1,3.2,2.9,0,70,8,6,2,13,9,medium
N1908841,Laura Pena,BEng Mechanical Engineering,3,3.5,3.2,0,47,2,3,1,22,6,high
N8077999,Sharon Murray,BSc Statistics,1,3.3,3.3,0,78,19,9,7,8,9,low
N4965789,Jessica White,BCom Business Management,4,3.1,2.9,0,72,6,2,5,4,5,medium
N5785687,Kristina Black,BEng Mechanical Engineering,4,3.5,3.7,3.8,80,24,6,10,5,11,low
N6261415,Kelly Krause,BEng Electrical Engineering,1,3.0,2.5,1.9,38,1,0,2,25,1,high
N7774229,Lawrence Fletcher,BCom Finance,1,3.3,3.3,3.4,77,17,7,13,2,9,low
N6271130,Jacob Davis,BSc Applied Biology,3,3.2,3.1,0,73,14,6,3,8,6,medium
N2229110,Katelyn King,BSc Statistics,1,3.4,3.2,2.8,57,5,5,5,13,5,medium
N9874152,Kimberly Chavez,BSc Statistics,2,3.2,3.2,3.3,86,21,8,11,5,12,low
N4533779,Renee Curtis,BSc Applied Biology,3,3.6,0,0,58,13,3,3,8,9,medium
N1059486,Gina Hopkins,BSc Applied Biology,3,3.3,0,0,63,5,2,4,8,5,medium
N2262382,Kim Mccoy,BCom Business Management,3,3.8,3.3,0,48,4,3,2,8,1,high
N1669324,Anna Dawson,BSc Applied Biology,2,3.9,0,0,79,25,8,4,5,10,low
N3726327,Yesenia Johnston,BSc Statistics,4,4.0,0,0,86,29,20,10,3,9,low
N3670896,Joseph Duffy,BSc Computer Science,4,3.6,3.1,0,41,6,3,2,15,3,high
N4240180,James Campos,BA English,3,3.3,2.9,0,69,10,4,2,7,5,medium
N2935113,Elizabeth Morgan,BCom Accounting,1,3.7,3.5,0,71,11,7,5,9,5,medium
N7462506,Scott Mcdaniel,BEng Mechanical Engineering,4,3.7,3.3,0,47,2,2,1,24,1,high
N6539837,Selena Mcconnell,BCom Accounting,3,3.5,2.9,0,54,5,1,1,21,1,high
N8053918,Johnny Morales,BSc Statistics,2,3.7,3.8,0,85,24,17,8,3,9,low
N4526280,Jacqueline Mcmahon,BSc Information Technology,4,3.5,3.6,3.6,84,24,14,4,5,10,low
N5761145,Tiffany Henderson,BA English,2,3.6,3.7,3.6,91,27,18,15,3,8,low
N8971465,Annette Chandler,BSc Information Technology,4,3.7,0,0,82,18,8,4,1,9,low
N7705062,Jacqueline Dougherty,BCom Business Management,1,3.4,3.5,3.7,93,18,17,15,7,11,low
N5180853,Laura Morales,BSc Information Technology,2,3.9,0,0,82,17,18,15,8,8,low
N9468772,Steven Sanchez,BCom Business Management,4,3.5,3.5,3.4,96,28,14,13,6,11,low
N5606980,Nicholas Oneill,BSc Nursing,1,3.4,3.2,3.0,62,15,4,5,11,6,medium
N7960328,Luis King,BEng Civil Engineering,4,3.3,2.8,2.4,34,3,1,2,14,1,high
N1098919,Sydney Johns,BCom Business Management,4,4.0,4.0,0,93,34,6,13,7,11,low
N4681284,Lauren Wells,BSc Nursing,4,3.2,3.1,0,78,13,8,5,7,8,medium
N1454696,Jason Gamble,BSc Information Technology,2,3.3,3.2,0,89,16,15,12,1,11,low
N7360682,Daniel Brown,BSc Computer Science,1,3.2,2.8,2.5,44,2,1,1,18,3,high
N5148725,Randy Maldonado,BCom Finance,2,3.4,0,0,86,19,16,5,1,8,low
N5299055,Brianna Dunn,BCom Finance,1,3.6,0,0,70,15,2,5,7,8,medium
N7296605,Michele Perez,BCom Business Management,2,3.5,3.5,3.6,80,21,7,13,1,10,low
N9937982,Donna Mclean,BSc Computer Science,4,3.3,3.0,2.4,39,6,0,2,9,3,high
N8306261,Tiffany Rodgers,BA English,4,3.3,3.5,3.5,78,25,11,14,8,9,low
N5679639,Linda Howard,BA English,4,3.7,0,0,78,14,4,3,7,5,medium
N4050766,Elizabeth Johnson,BSc Nursing,3,3.6,3.7,0,96,24,11,4,8,10,low
N5049282,Stephen Morrow,BSc Mathematics,4,3.8,3.9,0,97,20,14,4,4,8,low
N4717770,Joseph Galloway,BCom Accounting,3,3.5,0,0,90,26,18,4,2,10,low
N8612582,Christopher Allen,BEng Mechanical Engineering,2,3.2,3.0,0,71,10,5,5,9,7,medium
N9123504,Victoria Brown,BCom Accounting,1,3.2,2.8,2.5,78,13,8,2,7,6,medium
N9961299,Kimberly Shelton,BSc Computer Science,3,3.3,0,0,84,19,11,6,5,8,low
N5770422,Justin Weaver,BSc Computer Science,3,3.6,3.6,0,79,32,19,11,2,8,low
N2242892,Scott Wilkinson,BCom Finance,3,3.7,3.6,3.5,90,15,19,5,7,11,low
N7381684,Dr. Kathryn Lopez,BEng Civil Engineering,3,3.4,3.0,2.5,35,0,3,2,15,5,high
N5440025,James Phillips,BSc Mathematics,2,3.7,0,0,76,31,17,5,4,9,low
N1547605,Martha Stewart,BSc Psychology,2,3.4,3.4,3.6,80,12,12,11,8,10,low
N4771676,Luis Todd,BSc Psychology,1,3.7,3.8,0,95,30,16,7,7,8,low
N6101803,Lawrence Wright,BSc Psychology,1,3.6,3.1,2.6,39,4,2,1,11,4,high
N4840714,Jonathan Suarez DDS,BA English,3,4.0,4.0,3.9,98,22,15,8,1,8,low
N4044882,Paul Woods,BSc Information Technology,1,4.0,4.0,0,80,27,14,14,8,10,low
N7906258,Matthew Farrell,BEng Civil Engineering,1,3.6,3.3,0,68,10,4,1,6,7,medium
N1019311,Jason Cervantes,BA Sociology,3,3.5,3.3,3.2,65,9,4,1,10,9,medium
N3198037,Stephen Jones,BSc Information Technology,1,3.9,4.0,0,90,32,13,4,4,10,low
N1229419,Ronnie Norman,BCom Business Management,1,3.4,3.0,0,60,4,1,2,13,3,high
N9537455,Paige Walls,BSc Information Technology,2,3.6,3.2,0,58,15,8,2,11,7,medium
N2171218,Cynthia Dunn,BA English,3,3.2,3.0,0,59,11,3,5,12,6,medium
N8491822,Misty Solis,BA English,4,3.6,3.6,0,84,35,10,13,8,9,low
N4918527,Kristen Evans,BEng Mechanical Engineering,4,3.7,3.6,0,65,8,7,2,13,8,medium
N1621086,Sarah Oliver,BCom Business Management,4,3.3,3.3,3.2,87,24,16,14,3,11,low
N8876745,Monica King,BSc Applied Biology,1,3.6,3.2,2.6,49,0,1,1,12,1,high
N1602286,Denise Ramirez,BSc Applied Biology,3,3.7,0,0,96,29,12,9,8,12,low
N3791137,Amber Perez,BSc Computer Science,3,3.8,0,0,98,14,12,5,2,11,low
N9911492,Donald Potter,BSc Psychology,4,3.5,3.6,3.6,84,23,11,10,3,9,low
N8736811,Dr. Ashley Garcia MD,BSc Computer Science,4,3.7,3.7,0,82,27,20,13,3,9,low
N6018975,Caitlyn Hanna,BSc Information Technology,3,3.7,3.8,0,96,29,8,5,8,10,low
N7022335,Roberto Howell,BEng Civil Engineering,3,3.5,3.2,2.6,44,6,3,0,15,4,high
N6910964,Mrs. Daisy Fisher,BSc Applied Biology,2,3.2,2.7,0,23,4,3,1,15,5,high
N7121355,Ryan Sanders,BSc Statistics,3,3.8,0,0,95,32,6,8,8,8,low
N9906224,Rebekah Goodman,BCom Accounting,4,3.4,3.1,0,68,7,3,2,12,7,medium
N2263313,Donald Luna,BCom Business Management,4,3.3,0,0,84,35,19,9,2,11,low
N3073474,Debbie Cantu,BEng Civil Engineering,3,3.6,3.7,3.7,92,23,7,10,1,10,low
N4713925,Emily Lindsey,BEng Civil Engineering,1,3.5,2.8,2.4,34,3,0,2,25,3,high
N3276065,Mary Walker,BA Sociology,4,3.3,2.7,2.1,22,2,3,0,11,2,high
N7847048,Timothy Jordan,BSc Nursing,2,4.0,3.9,0,98,16,20,10,2,11,low
N2015861,Amy Mason,BSc Psychology,4,3.3,0,0,62,10,2,3,12,7,medium
N3112652,Sharon Owen,BA English,2,3.6,3.3,0,33,5,0,0,18,2,high
N3427461,Robyn Johnson,BSc Applied Biology,1,4.0,4.0,4.0,82,22,18,6,1,10,low
N3923366,Scott Anderson,BA Sociology,1,3.2,2.6,0,42,6,1,2,18,1,high
N9453010,Sherry Lynch,BCom Business Management,3,3.4,3.3,3.4,90,26,18,9,2,11,low
N9225346,Dean Morris,BSc Psychology,3,3.6,3.5,0,55,5,5,4,10,5,medium
N9901266,Michael Cohen,BEng Mechanical Engineering,1,3.4,3.5,3.4,77,16,10,13,6,11,low
N4833486,Diane Lopez DDS,BEng Mechanical Engineering,1,3.5,3.5,0,95,29,17,7,7,11,low
N2126310,Cheryl Hammond,BSc Psychology,4,3.1,0,0,65,15,4,3,6,8,medium
N6530541,David Valentine,BA English,4,3.5,3.1,2.5,43,6,1,2,9,5,high
N2738129,Tiffany Graham,BEng Electrical Engineering,4,3.7,0,0,98,13,10,13,5,10,low
N5673599,Daniel Moody,BA English,1,3.5,3.1,0,58,10,8,5,9,5,medium
N6183902,Brittany Dickson,BCom Business Management,2,3.9,3.8,0,96,34,10,4,3,10,low
N9900022,Miranda Aguilar DDS,BEng Electrical Engineering,3,3.4,3.4,0,87,14,8,15,1,8,low
N3640899,Dorothy Weaver,BSc Applied Biology,1,3.6,0,0,65,14,6,1,4,6,medium
N5582979,Jeremy Smith,BCom Accounting,4,3.2,3.1,2.9,76,11,5,5,11,8,medium
N1128967,Misty Townsend,BA English,2,3.2,0,0,64,5,3,4,13,5,medium
N3947669,Sharon Patterson,BCom Business Management,3,3.3,3.4,3.5,84,22,7,4,8,11,low
N8202195,Joshua Hernandez,BSc Nursing,2,3.5,3.1,2.6,22,3,0,1,10,3,high
N8326807,Cheyenne Garcia,BEng Civil Engineering,4,3.9,0,0,94,26,19,15,6,8,low
N3820798,Patricia White,BSc Statistics,3,3.1,3.0,2.7,67,9,7,3,7,7,medium
N4309671,Monica Castillo,BA English,1,3.1,0,0,75,7,3,1,6,7,medium
N6422534,Sean Carney,BSc Information Technology,3,3.7,3.3,3.0,60,3,3,2,22,6,high
N8746753,Michael Guerrero,BSc Nursing,3,3.6,0,0,93,13,11,12,2,10,low
N1688246,Alexander Miller,BSc Information Technology,2,3.4,3.0,0,25,4,3,1,25,6,high
N3895058,Ray Leonard,BA Sociology,2,3.2,3.2,3.2,89,15,18,9,2,12,low
N1878547,Andrew Alvarez,BA Sociology,4,3.6,3.4,3.2,64,11,5,3,14,9,medium
N3372774,Jonathan Evans,BEng Mechanical Engineering,4,3.7,3.3,0,78,15,6,2,9,5,medium
N9831414,Richard Johnston,BCom Accounting,2,3.1,2.6,2.3,25,2,3,2,18,2,high
N2294615,Lisa Graves,BA Sociology,1,3.4,0,0,85,27,9,7,3,9,low
N4034091,Joseph Craig,BSc Information Technology,1,3.9,4.0,3.9,94,16,15,10,3,9,low
N4925917,Timothy Terrell,BA English,4,3.4,3.0,0,76,8,5,5,8,8,medium
N5727345,Megan Brown,BCom Business Management,2,3.8,3.9,4.0,81,23,16,13,8,11,low
N2721170,Phillip Bryant,BA English,2,3.8,4.0,4.0,79,20,6,14,8,10,low
N8568671,Daniel Oneill,BEng Civil Engineering,1,3.7,0,0,71,7,8,4,5,6,medium
N1472908,Anthony Lane,BCom Business Management,3,3.3,0,0,66,8,5,1,9,6,medium
N8526283,Anna Benson,BSc Computer Science,3,3.7,0,0,79,13,10,11,3,11,low
N2865405,Amy Reyes,BCom Accounting,1,3.6,0,0,59,13,7,5,12,8,medium
N9993490,Thomas Wheeler,BCom Accounting,4,3.0,2.4,0,46,5,3,0,11,4,high
N7049927,Amy Ferguson,BSc Information Technology,1,3.1,2.6,0,42,1,3,0,10,5,high
N6784825,Amy Turner,BEng Mechanical Engineering,3,3.4,3.5,3.6,86,20,17,4,6,8,low
N8795078,Shawn Calderon,BSc Psychology,4,3.8,3.2,2.6,42,4,2,2,13,6,high
N9646701,Christopher Meadows,BSc Mathematics,3,3.3,2.9,2.3,32,0,1,0,18,3,high
N8330827,Jesus Miller,BSc Nursing,2,3.7,3.5,3.1,56,15,4,3,5,7,medium
N8121922,Brittany Mcgee,BCom Accounting,3,3.1,2.7,2.5,70,10,8,5,8,5,medium
N8149041,Steven Mccarthy,BCom Business Management,3,3.1,2.7,2.4,40,5,2,1,22,5,high
N7095349,John Howard,BEng Electrical Engineering,4,3.6,3.7,3.9,88,20,16,4,2,11,low
N1543335,Ruben Bruce,BA English,1,3.5,2.8,2.4,24,1,2,1,20,5,high
N2903351,Donald Middleton,BSc Information Technology,4,3.2,0,0,91,23,12,9,5,9,low
N5791184,Gregory Lopez,BEng Electrical Engineering,1,3.8,3.8,0,78,20,18,8,8,9,low
N2089496,Jacob Clay,BCom Business Management,2,3.4,3.0,0,77,12,2,3,14,7,medium
N4371891,Michael Rodriguez,BA English,4,3.8,0,0,97,32,8,9,4,8,low
N2446455,Becky Hayes,BA Sociology,4,3.1,2.4,1.8,55,4,2,1,25,2,high
N8815384,Jeffrey Rodriguez,BCom Business Management,2,3.7,3.6,0,93,14,8,9,2,11,low
N3567173,Scott Evans,BSc Nursing,2,3.4,0,0,79,25,14,4,2,12,low
N5604524,Miss Kelli Walls,BSc Psychology,2,3.1,2.8,0,71,9,8,1,8,6,medium
N1691125,Matthew Marshall,BSc Psychology,1,3.9,0,0,93,16,8,14,6,12,low
N1508113,Cameron Yates,BCom Accounting,4,3.6,3.7,3.8,93,20,16,7,7,12,low
N3652149,Sarah Blake,BSc Nursing,2,3.4,3.2,0,76,11,4,4,5,5,medium
N7216632,Carol Harrison,BSc Nursing,2,3.4,0,0,77,10,7,3,10,6,medium
N5868949,Lauren Davis,BSc Statistics,2,3.8,3.6,3.2,63,12,3,2,5,5,medium
N9635649,Melinda Johnson,BSc Psychology,4,3.6,3.6,0,93,35,11,7,3,11,low
N5720376,Kelli Torres,BSc Computer Science,1,3.4,3.1,2.9,62,8,6,3,4,5,medium
N7720644,Ms. Jennifer Anderson DDS,BSc Psychology,4,3.0,2.8,2.5,63,10,8,4,9,5,medium
N2993318,Jeffrey Black,BEng Civil Engineering,3,3.1,0,0,72,9,8,5,14,9,medium
N9541658,Jerome Smith,BSc Computer Science,1,3.5,0,0,85,29,11,6,4,12,low
N9648751,John Ruiz,BEng Mechanical Engineering,3,3.1,2.7,2.0,41,6,3,2,22,2,high
N1279121,Thomas Huang,BCom Accounting,1,3.5,3.4,3.4,91,28,14,11,5,11,low
N9060593,Jessica Peck,BEng Civil Engineering,2,3.3,3.4,3.5,83,32,18,13,4,8,low
N1317716,Kristina Ayers,BEng Mechanical Engineering,2,3.6,3.5,0,82,13,15,15,2,9,low
N4478616,Justin Little,BEng Electrical Engineering,4,3.4,3.2,3.0,74,12,8,1,6,9,medium
N9123194,Katherine Gonzalez,BCom Accounting,3,3.4,0,0,85,29,11,14,5,12,low
N9049765,Lori Owens,BSc Applied Biology,4,3.3,3.1,3.0,64,9,7,2,11,7,medium
N5825636,Samuel Walker,BSc Nursing,4,4.0,0,0,87,23,18,6,5,8,low
N5557052,Ashley Dixon DDS,BSc Computer Science,2,3.3,3.4,3.4,98,27,9,7,5,12,low
N3306314,Lucas Richardson,BSc Applied Biology,4,3.2,3.4,3.3,76,15,12,9,8,8,low
N2500901,James Riley,BA Sociology,1,3.5,0,0,61,9,4,3,14,5,medium
N9311162,Carrie Branch,BSc Statistics,1,3.3,3.5,3.7,80,25,20,6,1,11,low
N9796605,Danielle Livingston,BSc Information Technology,3,3.4,2.8,0,56,4,0,1,17,4,high
N5316188,Ricky Harrison,BA English,3,3.6,3.0,0,27,2,1,2,22,6,high
N9644974,Donna Jackson,BEng Electrical Engineering,2,3.5,3.6,0,81,17,15,14,7,11,low
N5479421,Adam Burke,BCom Finance,1,3.8,3.5,0,62,5,4,4,7,8,medium
N3679603,Joseph Perkins,BA English,3,3.3,2.9,2.5,66,8,2,1,11,7,medium
N3240912,Gary Gomez,BCom Finance,3,3.6,3.7,0,95,21,11,13,4,9,low
N5151780,Cindy Levy,BSc Information Technology,3,3.5,3.1,3.0,72,12,8,5,14,6,medium
N3514105,Geoffrey Diaz,BCom Finance,4,3.1,2.8,2.4,56,0,0,2,24,2,high
N7969667,Gary Hall,BSc Applied Biology,3,3.4,2.9,0,52,3,0,1,12,5,high
N2225232,Carlos Pope,BA Sociology,1,3.2,3.3,0,87,20,19,4,4,12,low
N3272119,Jacob Manning,BSc Statistics,4,3.8,3.9,3.9,77,27,6,8,7,9,low
N2990334,Melissa Watkins,BSc Mathematics,1,3.1,2.9,2.8,67,11,2,5,6,7,medium
N7363203,Warren Smith,BSc Information Technology,3,3.9,0,0,84,26,16,15,7,12,low
N1262492,Lisa Collins,BSc Computer Science,4,3.2,2.9,0,32,5,0,0,21,5,high
N8364573,Matthew Skinner,BA English,1,3.4,0,0,97,13,9,15,1,11,low
N6062767,Joshua Young,BCom Accounting,1,3.7,3.2,0,38,1,2,2,18,2,high
N9315137,Reginald Davis,BSc Applied Biology,4,3.2,3.4,0,93,35,20,6,7,12,low
N7315953,Casey Anderson,BCom Accounting,2,3.3,3.3,3.5,85,34,12,10,3,10,low
N5074489,Kevin Sanchez,BSc Statistics,4,3.4,3.5,0,76,29,12,10,3,11,low
N7327828,Juan Jackson,BA English,2,3.7,3.6,3.5,77,29,17,7,1,10,low
N9034958,Lisa Lewis,BSc Statistics,2,3.7,3.4,3.2,65,9,2,2,7,5,medium
N5388275,Stephanie Turner,BA English,4,3.5,3.5,0,84,24,13,12,6,10,low
N4712363,Robert Floyd,BCom Accounting,4,3.8,0,0,85,18,11,9,7,8,low
N9376888,Marcus Bentley,BSc Information Technology,4,3.4,3.2,2.9,61,10,3,4,13,6,medium
N4087809,Stephanie Freeman,BA Sociology,1,3.7,3.3,2.9,78,10,3,2,12,8,medium
N4882808,Mitchell Larson,BSc Computer Science,2,3.3,0,0,77,33,6,4,7,9,low
N1263935,Lauren Gillespie,BEng Mechanical Engineering,3,3.0,2.8,2.7,66,5,6,5,11,8,medium
N2615878,Michelle Wright,BSc Mathematics,3,3.4,0,0,64,5,6,4,6,5,medium
N5080351,Julie Garcia,BCom Accounting,1,4.0,0,0,83,24,7,9,7,11,low
N8986040,Amber Williams,BEng Mechanical Engineering,2,3.2,0,0,95,13,7,10,7,11,low
N1713900,Michael Frey,BSc Applied Biology,3,3.2,2.8,2.1,47,5,2,2,11,5,high
N4475536,Jacqueline Lindsey,BCom Accounting,2,3.7,3.8,4.0,93,33,6,6,6,8,low
N3347981,Tommy Hill,BSc Nursing,1,3.8,3.9,4.0,93,24,16,12,6,11,low
N1497036,Jaclyn Hudson,BEng Civil Engineering,4,3.5,3.0,2.6,34,6,0,1,20,3,high
N2233237,Laura Melendez,BA English,2,3.1,2.6,0,57,5,3,0,17,2,high
N8461429,Timothy Bass,BSc Psychology,2,3.5,3.4,0,85,23,7,5,1,10,low
N2503554,Lisa Parker,BCom Finance,3,3.3,0,0,72,13,6,4,5,5,medium
N5072543,Sandra Young,BSc Applied Biology,4,3.7,0,0,75,21,12,10,2,12,low
N3805274,Douglas Chung,BSc Nursing,3,3.3,2.9,2.3,37,2,2,1,12,1,high
N2794698,Sean Weaver,BEng Civil Engineering,3,3.3,0,0,98,32,13,13,4,11,low
N3283789,Shannon Murray,BSc Nursing,2,3.4,3.6,3.6,87,22,13,9,7,12,low
N5067204,Alexandra Barnes,BEng Civil Engineering,3,3.5,3.6,0,85,21,17,15,8,12,low
N8744735,Ivan Booth,BCom Accounting,1,3.8,3.3,0,56,1,1,2,25,1,high
N5239295,Holly Benson,BSc Information Technology,4,3.7,3.7,3.7,88,33,13,6,5,9,low
N1616817,Chad Vega,BA English,1,3.8,3.9,0,92,28,20,15,7,12,low
N7704473,Steven Park,BSc Computer Science,1,3.8,3.1,2.6,35,5,2,0,9,5,high
N8478923,Adam Farrell,BCom Finance,2,3.3,3.0,0,71,13,6,5,13,6,medium
N2947320,Amanda Chan,BSc Information Technology,2,3.7,3.6,3.4,55,12,2,3,10,5,medium
N2126998,Mario Mills,BSc Applied Biology,1,3.2,3.1,2.7,66,12,2,4,11,7,medium
N3686631,Shelby Jennings,BSc Mathematics,4,3.5,3.7,0,80,35,9,12,3,12,low
N4310554,Debbie Gallagher,BEng Mechanical Engineering,2,3.6,3.6,0,80,32,16,10,7,8,low
N7136988,Charles Wolfe,BSc Applied Biology,4,3.3,3.2,0,77,6,6,1,12,6,medium
N2916496,Rebecca Graves,BCom Business Management,3,3.3,3.0,0,75,10,6,4,13,8,medium
N5002586,Angela Marks,BSc Nursing,2,3.4,0,0,93,14,16,6,6,8,low
N4116429,Shannon Martin,BEng Electrical Engineering,2,3.4,3.1,2.8,68,14,3,5,10,8,medium
N7023677,Mary Welch,BCom Business Management,4,3.8,3.7,0,59,7,4,4,13,5,medium
N8446596,Derek Norman,BCom Finance,1,3.6,0,0,91,32,13,10,8,11,low
N5843084,Bailey Strong,BA English,4,3.3,3.4,0,82,21,6,8,4,12,low
N1698108,Timothy York,BEng Civil Engineering,1,3.6,3.3,0,58,14,2,3,12,7,medium
N6848151,Dr. Angelica Lewis,BSc Information Technology,1,3.9,0,0,95,19,10,4,8,10,low
N8183451,Mr. Michael Gibson,BA English,2,3.3,0,0,82,18,18,15,6,12,low
N3824903,Jessica Graham,BCom Business Management,1,3.5,3.5,3.6,76,30,11,12,5,12,low
N3226183,Heather Dickerson,BSc Applied Biology,4,3.2,2.6,2.0,46,0,2,2,12,6,high
N2266952,Alexander Coleman,BEng Civil Engineering,3,3.5,0,0,73,15,4,4,10,8,medium
N8691502,Jordan Craig,BA Sociology,4,3.7,3.7,3.6,86,26,13,9,1,8,low
N6666591,Katrina Zamora,BCom Finance,4,3.4,0,0,68,8,5,3,9,7,medium
N3084353,Kevin Long,BSc Information Technology,4,3.9,0,0,96,13,6,5,8,8,low
N5597283,Jennifer Stout,BSc Statistics,2,3.1,2.7,2.3,47,1,1,2,17,2,high
N2596917,Emily Fisher,BA Sociology,4,3.0,2.7,2.2,60,2,1,1,10,6,high
N2188301,Alexis Vasquez,BSc Psychology,1,3.2,2.6,0,41,6,0,1,12,4,high
N2147756,Alicia Johnson,BCom Finance,2,3.4,0,0,64,7,5,2,14,6,medium
N8421969,Patricia Lee,BSc Statistics,1,3.7,0,0,78,8,7,2,10,9,medium
N3345961,Steven Mccann,BCom Finance,3,3.2,2.8,0,27,4,3,1,21,3,high
N9686388,Juan Jones,BEng Mechanical Engineering,4,3.7,0,0,97,12,19,14,5,9,low
N9381604,Shawn Brady,BA Sociology,1,3.5,0,0,56,8,5,4,5,6,medium
N3898604,Harold Valenzuela,BSc Computer Science,1,3.8,0,0,85,16,12,13,7,10,low
N9406206,Robert Caldwell,BA Sociology,2,3.6,3.0,2.7,33,0,0,1,24,3,high
N6481960,Dawn Barrera,BSc Applied Biology,1,3.3,3.0,2.7,64,6,6,2,6,9,medium
N2945931,Mrs. Dawn Lara DVM,BSc Applied Biology,2,3.4,3.3,3.0,68,8,2,2,5,8,medium
N9774573,Benjamin Peterson,BA English,3,3.4,3.0,2.6,28,5,0,0,23,3,high
N2071594,Mary Robinson,BA Sociology,3,3.4,3.5,3.5,78,12,11,10,5,12,low
N2934976,Jessica Martinez,BCom Business Management,1,3.2,2.9,0,56,1,2,0,16,1,high
N8035849,Emily Miranda,BEng Civil Engineering,3,3.2,0,0,70,10,5,2,6,5,medium
N4008898,Alicia Thomas,BSc Psychology,4,3.2,2.8,2.4,57,14,4,1,12,5,medium
N7189439,Susan Smith,BSc Mathematics,4,3.4,3.5,3.6,84,22,7,12,8,8,low
N1107003,Amanda Bell,BSc Mathematics,3,3.7,0,0,70,8,7,5,7,6,medium
N2743975,Kenneth Yu,BEng Civil Engineering,4,3.4,0,0,97,12,11,4,7,10,low
N9720112,Victoria Davis,BEng Mechanical Engineering,1,3.5,3.5,0,79,34,10,5,1,9,low
N2044933,Abigail Cantu,BSc Mathematics,3,3.5,0,0,91,16,16,10,2,12,low
N5562662,William King,BEng Electrical Engineering,1,3.2,0,0,65,11,7,3,9,8,medium
N9991321,Jorge Ross,BSc Information Technology,3,3.3,2.8,0,30,3,3,1,21,1,high
N1676621,Sandra Pruitt,BEng Mechanical Engineering,2,3.4,3.3,0,77,17,18,14,5,12,low
N3917016,Richard Delgado,BA Sociology,2,3.2,3.4,0,87,28,6,14,5,10,low
N4729376,Jerry Atkinson,BSc Applied Biology,1,3.1,2.7,2.1,26,6,1,0,8,1,high
N3160763,Robert Miller,BSc Information Technology,1,3.3,3.2,0,83,14,6,5,4,11,low
N8158234,Jessica Robinson,BCom Accounting,3,3.1,2.4,0,56,3,3,1,8,4,high
N5951043,Michael Hunt,BEng Civil Engineering,2,3.4,3.2,3.1,59,5,6,5,13,6,medium
N7024901,Brian Best,BCom Finance,3,3.4,3.2,0,75,13,3,5,4,8,medium
N5713268,Reginald Patton,BA English,2,3.0,2.7,0,60,5,4,5,7,5,medium
N1937991,Kathy Hart,BCom Finance,4,3.8,0,0,78,19,16,7,5,12,low
N1473227,Reginald Baldwin,BCom Finance,2,3.6,3.2,0,60,7,3,5,9,7,medium
N1636925,Jon Reyes,BCom Finance,2,3.3,0,0,81,27,14,8,3,11,low
N6716988,Megan Lee,BEng Mechanical Engineering,2,3.6,3.3,2.9,50,0,2,2,14,2,high
N2695038,Charlotte Baker,BEng Electrical Engineering,4,3.5,3.4,0,91,23,7,9,7,12,low
N3941912,Shane Murray,BEng Mechanical Engineering,1,3.5,3.6,3.5,90,32,11,6,6,9,low
N6338793,Virginia Martinez,BSc Statistics,4,3.9,3.9,4.0,93,24,19,13,1,9,low
N2488575,Jeremy Riley,BSc Mathematics,1,3.7,3.2,2.8,24,1,2,1,13,6,high
N3790695,Richard Underwood,BSc Nursing,4,3.7,3.3,0,58,5,2,4,11,8,medium
N1560573,Kathryn Williams,BSc Nursing,2,3.2,2.8,2.5,50,6,1,0,22,1,high
N9098979,Derek Huff,BEng Electrical Engineering,4,3.8,4.0,0,80,35,7,12,2,10,low
N5450404,Christopher Walker,BCom Finance,4,3.5,3.1,2.8,26,2,1,0,21,6,high
N9058573,Erin Wilson,BSc Applied Biology,3,3.2,2.8,0,43,0,3,0,17,6,high
N5446036,Ronald Patterson,BEng Civil Engineering,3,3.3,3.3,3.3,90,15,10,10,8,11,low
N5505722,Kenneth Lloyd,BSc Applied Biology,1,3.5,2.9,0,22,2,3,1,16,2,high
N2023137,William Jones,BSc Statistics,4,3.7,3.0,2.4,42,6,3,2,15,5,high
N9423864,Lynn Weeks,BCom Finance,2,3.7,3.8,3.9,82,27,10,5,7,8,low
N1715982,Samantha Padilla,BEng Electrical Engineering,3,3.3,2.9,2.3,48,1,1,0,14,2,high
N6471499,Kim Snyder,BA English,4,3.7,3.5,3.1,78,6,2,4,12,8,medium
N9986438,Mark Bryan,BCom Finance,4,3.7,3.3,2.7,29,1,0,0,11,3,high
N7640300,Dana Davis,BSc Information Technology,3,3.7,3.1,2.8,37,3,1,2,20,1,high
N9248001,Amber Miller,BEng Electrical Engineering,3,3.9,3.8,4.0,75,22,19,8,5,10,low
N2497984,Daniel Neal,BSc Statistics,4,3.4,0,0,89,22,10,15,7,12,low
N6219779,Daniel Murray,BCom Business Management,1,3.8,3.7,0,91,23,19,4,3,8,low
N1848243,Stephanie Wyatt,BCom Business Management,4,3.7,3.3,0,32,6,0,0,9,4,high
N9200480,Benjamin Barnett,BCom Business Management,4,3.5,0,0,75,6,7,1,7,7,medium
N1460542,Elizabeth Johnson,BCom Business Management,2,3.5,0,0,86,23,8,8,2,10,low
N9611430,Michelle Gonzalez,BSc Applied Biology,2,3.2,3.1,3.3,95,19,16,7,5,11,low
N8110298,Frank Walker,BSc Mathematics,4,3.9,3.9,0,75,19,10,13,5,10,low
N9581776,Darrell Patton,BCom Finance,3,3.8,3.5,0,71,14,5,5,5,5,medium
N5645358,Jeffrey Bennett,BSc Mathematics,2,3.2,2.8,2.5,58,12,2,3,8,7,medium
N3347627,Joshua Frederick,BSc Statistics,4,3.6,3.4,3.2,62,5,8,5,10,7,medium
N4730635,Kelly Mcfarland,BSc Applied Biology,3,3.5,3.2,2.8,78,5,6,5,7,7,medium
N8898392,Alexandra Ramos,BA Sociology,2,3.1,2.8,0,60,15,6,2,8,5,medium
N6152035,Lee Smith,BCom Finance,3,3.5,3.5,0,85,32,7,7,6,9,low
N2194801,Kara Rodriguez,BA Sociology,1,3.4,0,0,58,12,2,5,13,9,medium
N3304606,Tracy Hess,BCom Finance,4,4.0,4.0,0,87,28,10,10,1,9,low
N3966618,David Lewis,BCom Accounting,2,3.3,3.0,0,31,6,0,1,18,6,high
N3171071,Donald Jones,BSc Information Technology,4,3.7,3.7,3.7,80,30,18,6,8,8,low
N4197346,Donald Potter,BSc Mathematics,2,3.0,2.4,0,54,1,2,0,18,5,high
N6135759,Bryan Henson,BCom Accounting,3,3.3,0,0,86,21,8,5,7,12,low
N6750102,Kenneth Cole,BSc Mathematics,2,3.8,3.6,0,71,14,6,3,10,6,medium
N1367643,Allison Mcgee,BSc Psychology,3,3.7,0,0,87,12,9,7,3,9,low
N1815153,Cassandra Fleming,BSc Applied Biology,1,3.7,0,0,76,24,20,14,5,12,low
N7379599,Rodney Garcia,BEng Electrical Engineering,2,3.3,3.3,0,75,13,17,5,7,11,low
N5529464,Deanna Smith,BSc Psychology,1,3.7,3.6,3.7,95,12,10,10,2,12,low
N9776935,Ariel Beck,BCom Accounting,2,3.8,3.5,0,58,12,3,5,7,7,medium
N1213899,Caitlyn Rios,BSc Applied Biology,4,3.5,2.9,0,51,1,3,1,15,1,high
N4878226,Jessica Davidson,BCom Business Management,2,3.4,3.0,2.7,25,6,0,2,11,3,high
N2944497,April Ellis,BSc Computer Science,2,3.3,0,0,84,23,18,14,6,11,low
N7251562,Trevor Wood,BSc Psychology,4,3.9,0,0,80,22,11,11,5,8,low
N3798082,John Davis,BCom Business Management,2,3.1,2.8,2.4,69,9,8,4,11,8,medium
N1483456,Kim Henry,BSc Information Technology,1,3.7,3.2,0,57,3,3,0,20,3,high
N9804983,Eugene Herrera,BSc Applied Biology,3,3.8,3.9,3.9,89,13,7,8,6,8,low
N9085438,Charles Lindsey,BCom Business Management,1,3.3,3.0,2.9,77,14,2,4,14,6,medium
N9248484,Michael Wu,BSc Mathematics,4,3.3,2.6,2.3,30,4,3,1,13,1,high
N2476728,Luis Martin,BSc Information Technology,1,3.7,3.5,0,62,6,5,4,13,8,medium
N4470388,Michelle Welch,BSc Computer Science,2,3.5,2.8,2.4,46,0,0,0,17,5,high
N8592234,Anita Mays,BCom Business Management,3,3.3,3.3,3.3,85,29,18,13,8,10,low
N7865417,Angel Reynolds,BCom Business Management,4,3.1,2.9,2.8,66,6,2,2,11,6,medium
N3067274,Mr. Jerry Rodriguez MD,BCom Finance,2,3.6,3.4,0,61,10,2,4,4,9,medium
N9102253,Kenneth Hunter,BEng Mechanical Engineering,2,3.9,0,0,75,28,17,4,7,12,low
N7453568,Nichole Tapia,BCom Accounting,4,3.5,3.7,3.8,79,15,12,14,6,12,low
N9594877,Jennifer Holloway,BEng Mechanical Engineering,2,3.4,3.5,3.5,84,26,18,6,3,11,low
N3983202,April Baird,BA English,3,3.4,3.1,2.8,74,9,7,3,14,6,medium
N5797075,Janice Guerrero,BA Sociology,1,3.9,4.0,0,93,30,16,15,7,12,low
N5808610,Tonya Simpson,BEng Mechanical Engineering,3,3.5,2.9,0,29,0,0,0,16,2,high
N4763253,Joe Wolf,BA English,3,3.6,3.4,3.1,72,5,4,4,5,9,medium
N1902651,Brian Johnston,BCom Business Management,4,3.2,3.2,0,76,24,12,10,6,12,low
N4296204,Alan Murphy,BCom Accounting,4,3.8,0,0,95,34,17,14,6,12,low
N7328336,Danielle Jones,BCom Finance,3,3.0,2.5,2.1,24,1,1,2,24,1,high
N1853212,Phillip Johnson,BSc Nursing,1,3.6,3.1,2.6,49,5,1,0,12,3,high
N3673793,Diane Dean,BSc Statistics,2,3.5,3.5,3.5,85,28,9,6,2,12,low
N1147701,Daniel Copeland,BSc Statistics,2,3.3,3.3,0,85,23,10,7,8,12,low
N5745083,Laura Green,BA English,4,3.2,3.3,3.3,96,22,12,5,7,10,low
N2609881,Kaitlin Davis,BSc Mathematics,2,3.1,2.8,2.5,64,15,3,3,12,5,medium
N3579573,David Wright,BSc Computer Science,2,3.2,3.2,3.1,88,15,9,12,7,8,low
N7510106,Melanie Mckenzie,BSc Computer Science,4,3.6,3.6,0,92,14,15,7,5,11,low
N1763646,Rachel Bell MD,BSc Nursing,1,3.8,0,0,92,12,16,15,2,12,low
N7399057,Lisa Robertson,BSc Mathematics,2,3.3,3.2,3.1,76,9,6,1,8,8,medium
N1187069,Lisa Edwards,BCom Finance,4,3.6,3.5,3.4,92,21,16,6,5,10,low
N9599207,Thomas Johnson,BSc Mathematics,3,3.1,0,0,57,9,3,3,7,8,medium
N2227162,Jason Thompson,BSc Mathematics,4,3.2,2.8,0,31,5,0,2,22,6,high
N5783807,Jacob Hughes,BSc Nursing,4,3.7,0,0,86,16,16,14,4,8,low
N7115185,Brad Good,BSc Nursing,2,3.6,3.4,0,74,15,4,5,6,9,medium
N3253277,Samantha Deleon,BSc Information Technology,4,3.7,3.9,0,97,35,16,10,5,10,low
N2375290,Patricia Alvarado,BSc Statistics,2,3.7,0,0,64,12,6,1,6,9,medium
N1523352,Lisa Turner,BSc Statistics,1,3.7,3.5,3.2,75,6,7,1,4,9,medium
N7585029,Michelle Alexander,BSc Information Technology,1,3.4,3.5,3.5,92,29,13,14,3,10,low
N9625782,Bryce Castaneda,BEng Electrical Engineering,2,3.1,0,0,71,5,7,2,13,6,medium
N2054635,Dustin Garrett,BSc Computer Science,2,3.4,0,0,90,23,6,7,8,9,low
N6437011,Amber Hernandez,BEng Mechanical Engineering,3,3.1,2.8,2.6,66,11,5,4,4,5,medium
N2305896,Corey Anderson,BSc Mathematics,4,3.6,3.8,0,93,17,12,14,7,10,low
N9419427,Jennifer Cain,BSc Psychology,3,3.7,3.6,0,66,12,8,4,13,5,medium
N7956063,Samantha Smith,BSc Information Technology,2,3.6,3.5,3.2,60,7,4,5,5,6,medium
N3703298,Lisa Peterson,BSc Computer Science,2,3.3,3.2,3.3,95,25,6,7,1,9,low
N5755579,Monica Martinez,BSc Information Technology,4,3.8,0,0,60,13,5,5,13,5,medium
N4051509,Heather Clay,BSc Nursing,4,3.7,3.7,3.8,80,19,19,10,3,12,low
N1277874,Sarah Stevens,BCom Finance,1,3.4,3.5,3.6,77,19,12,10,3,8,low
N2563468,John Mason,BA Sociology,1,3.4,2.7,0,59,4,0,2,24,1,high
N1728773,Anna Jennings,BA English,4,3.8,3.8,0,96,32,12,12,7,10,low
N3246185,Todd Peterson,BSc Statistics,1,3.4,0,0,87,23,15,15,2,11,low
N9766777,Amanda Williams,BEng Civil Engineering,2,3.1,0,0,72,11,4,2,4,5,medium
N5255251,Sandra Banks,BCom Accounting,4,3.4,3.4,3.4,85,25,11,5,3,11,low
N7211142,Daniel Bradley,BCom Accounting,3,3.6,3.6,0,88,29,18,12,8,9,low
N8492618,Gregory Ferguson,BSc Psychology,2,3.8,0,0,87,35,8,14,2,9,low
N1088762,Jason Davis,BSc Information Technology,4,3.6,0,0,65,13,6,1,6,8,medium
N7447920,Kevin Wilson,BEng Mechanical Engineering,1,3.7,3.2,2.7,36,1,2,0,9,6,high
N9693169,Gary Gomez,BA English,2,3.4,0,0,80,32,13,11,1,9,low
N2456980,Rachel Morris,BEng Civil Engineering,4,4.0,4.0,0,96,13,11,7,1,9,low
N5773013,Eric Jackson,BCom Business Management,3,3.8,4.0,4.0,91,12,17,15,2,8,low
N3936596,Chris Allen,BA Sociology,1,3.3,0,0,61,12,5,5,4,7,medium
N5196677,Charles Garcia,BA English,2,3.6,3.3,0,65,6,8,5,8,9,medium
N2950658,Stephanie Page,BSc Mathematics,2,3.4,3.5,0,89,33,13,13,1,11,low
N5165071,Rhonda Williams,BCom Business Management,3,3.4,3.5,0,88,23,14,12,1,10,low
N5514342,Sarah Anderson,BSc Mathematics,2,3.1,2.6,0,31,3,2,1,14,5,high
N6973148,Douglas Powers,BSc Psychology,1,3.3,0,0,83,18,9,7,4,12,low
N7227644,Ashley Shah,BSc Statistics,3,3.7,3.9,0,96,27,15,4,1,11,low
N1908455,Paul Johnson,BA Sociology,1,3.4,3.2,0,71,9,5,2,13,6,medium
N9694039,Rickey Foster,BEng Civil Engineering,1,3.4,3.3,3.0,67,15,8,2,11,5,medium
N5519920,Randy Harrell,BEng Civil Engineering,2,3.4,3.2,3.0,74,9,3,5,8,6,medium
N4018040,Matthew Phillips,BEng Mechanical Engineering,3,3.5,3.2,2.9,66,10,8,4,8,8,medium
N3509000,Samantha Johnson,BEng Electrical Engineering,4,3.6,0,0,92,25,19,10,4,9,low
N5210645,Michael Huynh,BEng Electrical Engineering,1,3.4,3.3,3.2,75,13,6,3,11,7,medium
N5358202,Jeff Hansen,BSc Nursing,1,3.3,3.0,2.7,63,12,8,1,11,7,medium
N3928275,Mark Vasquez,BSc Applied Biology,4,3.8,3.6,0,66,15,6,2,13,9,medium
N3430151,Michael Craig,BSc Applied Biology,4,3.9,4.0,4.0,89,14,12,13,5,11,low
N6316334,Scott Webb,BCom Accounting,4,3.7,3.7,3.8,77,14,8,9,4,10,low
N3807132,Sarah Meadows,BEng Electrical Engineering,2,3.3,0,0,86,35,15,12,8,11,low
N7661319,Derek Mendez,BSc Statistics,4,3.3,0,0,98,34,17,5,4,9,low
N3605071,Kim Chapman,BSc Mathematics,3,3.1,2.9,0,55,11,6,1,5,7,medium
N6986802,Travis Clark,BSc Information Technology,3,3.7,3.3,0,59,7,6,2,4,5,medium
N8297709,Brandon Harris,BSc Information Technology,2,3.4,3.1,2.7,59,13,3,5,13,8,medium
N6093108,Keith Scott,BSc Nursing,3,3.2,3.3,3.5,89,21,11,10,5,9,low
N8221506,Tricia Young,BSc Nursing,2,3.6,3.4,3.3,55,12,8,4,8,5,medium
N7347794,Ryan Hahn,BEng Civil Engineering,2,3.2,0,0,72,11,5,2,6,8,medium
N5510085,Mrs. Betty Bauer,BEng Electrical Engineering,2,3.3,0,0,74,15,4,3,14,9,medium
N9254323,Breanna Martin,BEng Electrical Engineering,1,3.2,0,0,75,12,6,4,8,9,medium
N8355410,Brooke Smith,BSc Psychology,2,3.8,0,0,75,17,7,8,5,9,low
N8779334,Jacqueline Moore,BCom Business Management,2,3.6,3.2,0,33,2,3,1,23,3,high
N7401806,Joanna Johnson,BEng Mechanical Engineering,2,3.7,3.0,0,45,0,3,0,14,3,high
N2576392,Matthew Wade,BSc Information Technology,4,3.4,0,0,69,8,7,1,7,8,medium
N9739692,Malik Booker,BSc Mathematics,3,3.3,3.4,0,84,22,8,14,1,12,low
N1252794,Jennifer Wilcox,BEng Civil Engineering,2,3.3,3.4,0,96,18,7,7,7,10,low
N2501223,Teresa Taylor,BSc Statistics,1,3.2,2.9,2.4,22,4,3,2,12,3,high
N6314007,Angelica Thompson,BSc Mathematics,1,3.8,3.2,2.7,29,5,0,0,23,2,high
N8340032,Jacqueline Johnson,BEng Electrical Engineering,3,3.6,3.7,3.7,86,35,8,8,1,11,low
N2155557,Misty Collins,BCom Accounting,3,3.4,3.2,0,69,9,8,5,12,6,medium
N7108168,Kathy Wright,BSc Nursing,1,3.6,0,0,75,13,5,2,4,9,medium
N3585897,Leah Wolf,BSc Nursing,1,3.7,3.7,0,92,24,9,12,8,12,low
N2796087,Darlene Russell,BSc Applied Biology,4,3.4,3.1,0,24,0,1,0,9,2,high
N7146400,Bailey Jones,BSc Mathematics,4,3.4,3.3,3.5,91,31,17,13,5,8,low
N7978536,Sandra Austin,BA Sociology,1,3.9,3.8,3.9,77,26,18,14,1,10,low
N4875838,Amanda Bass,BSc Mathematics,2,3.6,0,0,84,14,9,12,2,8,low
N7005628,Eric Lopez,BEng Electrical Engineering,2,3.7,3.8,4.0,80,29,17,12,7,8,low
N8432510,George Perry,BSc Nursing,3,3.7,3.4,0,71,10,7,2,12,9,medium
N4589118,Edward Williams,BSc Information Technology,4,3.3,2.9,2.7,75,11,8,3,13,6,medium
N3266362,Jessica Brown,BSc Mathematics,2,4.0,3.9,0,75,35,6,8,1,12,low
N1633110,David Suarez,BEng Electrical Engineering,3,3.6,0,0,75,34,19,8,3,8,low
N7707501,Gregory Green,BEng Mechanical Engineering,1,3.5,0,0,73,8,3,3,8,5,medium
N6039762,Tanya Zavala,BSc Statistics,3,3.2,3.2,3.3,90,17,13,15,2,12,low
N1191837,Paul Pham,BSc Computer Science,3,3.5,3.3,3.1,68,11,8,1,7,9,medium
N7591477,Jordan Riley,BEng Civil Engineering,3,3.8,3.5,3.4,59,10,6,2,6,5,medium
N1827302,Jennifer Lucero,BA Sociology,4,3.6,3.5,0,79,16,11,5,8,12,low
N7632348,Donna Skinner,BA Sociology,2,3.7,0,0,79,16,13,12,4,11,low
N7938755,Dylan Hurley,BSc Nursing,1,3.3,3.1,0,63,11,4,5,5,5,medium
N1752920,Phillip Taylor,BSc Mathematics,3,3.9,0,0,80,23,15,11,3,11,low
N1230406,Alan Torres,BSc Information Technology,1,3.3,2.9,0,25,0,0,0,12,3,high
N5339561,Maria Bradley,BEng Mechanical Engineering,1,3.4,3.1,3.0,78,13,3,2,12,9,medium
N5764956,Deborah Dennis,BSc Applied Biology,1,3.2,2.9,2.8,76,13,2,3,6,5,medium
N7484783,Alicia Sexton,BSc Statistics,3,3.2,2.7,2.1,37,5,2,0,8,3,high
N8683734,Katie Taylor,BA Sociology,3,3.4,3.3,3.1,74,13,2,2,7,9,medium
N6962255,Frederick Mcpherson,BA Sociology,3,3.5,0,0,67,7,2,3,14,7,medium
N5700872,Manuel Baker,BSc Applied Biology,2,3.4,3.6,0,95,20,20,10,1,12,low
N3562705,Mary Houston,BA Sociology,2,3.3,2.6,2.2,44,4,1,1,15,5,high
N9787997,Sherry Lawrence,BA English,2,3.7,3.3,0,59,14,6,2,6,7,medium
N6328403,Samuel Parker,BEng Mechanical Engineering,1,3.9,0,0,93,17,11,5,2,9,low
N4153002,Patrick Harrison,BSc Computer Science,3,3.3,0,0,88,25,10,11,5,9,low
N7027405,Henry Fisher,BCom Business Management,4,3.3,3.2,0,94,19,15,7,4,8,low
N3307080,James Holmes,BSc Computer Science,4,3.3,0,0,86,17,19,10,8,11,low
N2109583,Tonya Rowe,BSc Information Technology,3,3.3,3.5,0,75,20,12,7,4,9,low
N7612751,Jonathan Mathis,BSc Applied Biology,1,3.7,3.8,3.9,82,25,12,4,7,10,low
N7637254,Charles Madden,BA Sociology,4,3.8,0,0,69,12,8,1,7,9,medium
N6109570,Alicia Kennedy,BEng Civil Engineering,3,3.6,3.4,0,75,5,3,3,11,8,medium
N2517344,Carly Garrett,BEng Electrical Engineering,2,3.8,0,0,76,34,14,6,8,11,low
N4387856,Micheal Johnston,BCom Accounting,3,3.7,0,0,65,12,2,2,11,9,medium
N2915369,Joshua Flores,BEng Civil Engineering,2,3.8,3.8,3.9,97,17,17,15,2,8,low
N3518087,Jessica Smith,BEng Electrical Engineering,1,3.1,0,0,67,5,8,2,9,9,medium
N4403286,Joshua Blackburn,BSc Information Technology,4,3.0,2.9,0,64,12,4,2,5,6,medium
N8981122,Robin Stewart,BCom Finance,1,3.4,3.3,0,55,14,5,2,7,9,medium
N4101100,Bianca Garza,BSc Computer Science,3,3.1,2.9,2.8,72,9,6,5,7,5,medium
N5771113,Shannon Murray,BA Sociology,2,3.5,3.2,2.9,57,5,2,4,6,6,medium
N6416051,Richard Vargas,BA English,4,3.5,3.6,0,98,30,11,4,2,10,low
N6523202,David Lowe,BSc Computer Science,1,3.6,3.6,3.6,77,21,13,6,2,10,low
N6309796,John Obrien,BEng Electrical Engineering,4,3.4,3.6,3.6,95,28,7,11,5,11,low
N5873580,William Brown,BSc Psychology,1,3.8,0,0,75,12,5,2,13,6,medium
N1763232,Cody George,BSc Applied Biology,2,3.3,3.0,2.8,58,8,8,5,10,8,medium
N2909863,Dana Andrade,BCom Finance,1,3.7,3.7,0,83,14,10,8,6,8,low
N1596568,Kimberly Chambers,BSc Information Technology,3,3.7,3.6,0,81,22,19,9,8,11,low
N6293259,Daniel Callahan,BSc Mathematics,3,3.4,0,0,68,5,8,5,8,9,medium
N7295495,Elizabeth Wade,BCom Finance,4,3.7,0,0,86,14,8,8,1,10,low
N1530633,Steven Smith,BSc Mathematics,3,3.2,2.7,0,27,6,2,2,18,6,high
N7278297,Joshua Rogers,BSc Statistics,1,3.6,0,0,64,8,6,3,6,5,medium
N9111313,Monique Allison,BA English,1,3.6,3.4,3.2,55,12,6,2,7,7,medium
N7502651,Craig Watkins,BSc Computer Science,1,3.8,3.7,3.7,91,33,8,7,1,11,low
N6236888,Linda Mahoney,BSc Nursing,2,3.5,0,0,56,6,6,3,4,9,medium
N3505186,Charles Martin,BCom Finance,1,3.1,2.8,0,37,4,2,1,11,3,high
N5107483,Caitlyn Dillon,BSc Nursing,4,3.1,2.8,0,66,13,4,3,6,7,medium
N2444846,Lisa Kirk,BSc Statistics,4,3.3,2.7,0,21,3,0,0,20,1,high
N3211157,Steve Randall,BSc Applied Biology,4,3.3,3.3,3.3,84,22,19,7,2,11,low
N7577959,Mrs. Brittany Smith MD,BSc Nursing,4,3.1,2.9,2.5,62,7,8,5,8,7,medium
N3865574,Erica Warren,BEng Electrical Engineering,1,3.2,2.9,0,57,12,2,3,11,8,medium
N6068701,Diane Greer,BSc Mathematics,2,3.4,3.1,0,77,6,4,5,14,5,medium
N8233471,Susan Vazquez,BSc Nursing,2,3.6,3.3,0,70,11,2,3,7,9,medium
N2638360,Steven Baldwin,BEng Civil Engineering,1,3.7,3.3,0,24,5,3,0,22,3,high
N2031500,David Scott,BSc Statistics,1,3.3,0,0,96,31,18,10,6,11,low
N8502096,Ana Collier,BA English,3,3.4,3.6,3.6,96,16,13,12,5,11,low
N1136218,Erica Allison,BCom Accounting,1,3.7,3.7,3.6,88,34,20,9,2,12,low
N5734685,Michelle Heath,BEng Civil Engineering,4,3.7,0,0,72,5,2,5,9,5,medium
N4543617,Stephen Kelly,BA Sociology,4,3.7,3.6,0,97,24,12,10,7,12,low
N1194661,Michelle Richardson,BEng Electrical Engineering,4,3.3,0,0,86,25,8,8,3,9,low
N8142130,George Nelson,BA Sociology,4,3.7,3.8,0,79,14,8,14,7,11,low
N9357686,Jennifer Gray,BEng Mechanical Engineering,3,3.7,0,0,62,7,5,5,4,9,medium
N9107893,James Burgess,BCom Finance,4,3.6,0,0,72,14,4,1,4,9,medium
N9672974,David Stevens,BEng Mechanical Engineering,1,3.3,3.2,3.2,77,16,17,15,5,11,low
N9976368,Heather Ewing,BSc Statistics,4,3.8,3.8,0,92,30,10,13,1,10,low
N1592675,Raymond Ellis,BCom Finance,3,3.8,3.9,4.0,85,25,11,8,5,9,low
N5894806,Katelyn Olson,BSc Psychology,2,3.6,3.2,0,50,4,1,2,9,6,high
N5311001,Corey Perkins,BCom Finance,2,3.0,0,0,63,9,3,5,8,7,medium
N5383091,Shelia Santos,BSc Information Technology,2,3.8,0,0,98,16,16,11,6,9,low
N7928115,Noah Johnson,BSc Applied Biology,4,3.8,0,0,76,22,7,6,3,11,low
N5435820,Annette Case,BSc Computer Science,2,3.8,0,0,80,18,15,15,6,8,low
N7544296,Katie Curtis,BA Sociology,4,3.4,0,0,70,9,5,5,7,8,medium
N9913623,Jose Dodson,BCom Accounting,3,3.5,3.0,2.4,48,3,2,2,9,1,high
N5056679,John Morris,BSc Applied Biology,2,3.6,3.3,3.0,58,9,7,5,10,8,medium
N2639113,Robert Pierce,BCom Accounting,3,3.4,3.2,3.0,55,15,2,1,4,8,medium
N3043299,Charles Nelson,BCom Finance,2,3.6,3.3,0,21,4,0,0,14,5,high
N5250268,Veronica Thomas,BSc Statistics,3,3.2,2.8,2.5,75,14,8,2,5,6,medium
N2241464,Samantha Duran,BEng Civil Engineering,4,3.4,0,0,97,33,18,9,5,9,low
N2164313,Gary Kelley,BCom Finance,4,3.4,0,0,56,9,8,3,6,8,medium
N2782574,Matthew Sanders Jr.,BCom Finance,3,3.7,3.4,3.1,51,0,1,2,21,2,high
N7551231,Christopher King,BSc Computer Science,4,3.4,3.4,3.4,75,27,8,14,1,8,low
N9087731,Hannah Marsh,BSc Applied Biology,3,3.1,2.7,2.5,67,6,6,2,4,8,medium
N2349840,Dillon Jones,BEng Electrical Engineering,1,3.7,3.4,0,75,15,2,3,12,7,medium
N7027401,Terry Beck,BSc Computer Science,2,3.6,3.6,3.6,96,18,10,15,7,8,low
N6162867,Susan Wilson,BSc Nursing,1,3.4,2.7,2.4,57,1,3,1,10,5,high
N8690178,Phillip Carroll,BSc Statistics,1,3.8,3.7,3.4,78,5,5,1,7,9,medium
N3190059,Ms. Gloria Davis,BCom Business Management,1,3.0,2.3,0,29,3,0,1,9,2,high
N4700592,Rachel Kelley,BEng Civil Engineering,3,3.1,0,0,60,14,2,1,5,8,medium
N3304005,Ralph Burns,BA English,1,3.5,0,0,98,33,12,9,2,12,low
N3819425,Alison Walker,BCom Finance,1,3.8,3.7,3.7,85,14,7,8,3,11,low
N2354300,Kurt Hensley,BEng Mechanical Engineering,3,3.0,2.3,0,60,4,3,0,8,4,high
N9775941,Heidi Navarro,BEng Electrical Engineering,1,3.4,0,0,70,7,3,2,14,7,medium
N8026061,Gerald Hernandez,BSc Mathematics,1,3.2,0,0,97,27,15,5,5,10,low
N4491484,James Quinn,BSc Psychology,2,3.4,0,0,78,31,11,12,4,11,low
N7110145,Robert Barrera,BCom Finance,4,3.4,3.4,0,90,27,8,6,1,8,low
N9638650,Mark Holt,BCom Finance,3,3.1,2.5,0,23,4,1,0,8,4,high
N4821548,Michael Wilkerson,BSc Statistics,2,3.1,2.9,2.7,78,15,4,2,5,7,medium
N8633480,Amy Moore,BSc Applied Biology,3,3.1,2.7,2.1,57,3,0,1,12,2,high
N3290115,Jason Reed,BEng Electrical Engineering,3,3.3,3.3,0,81,22,8,4,1,10,low
N4853765,Nicole Riley,BCom Finance,4,3.1,2.9,2.5,64,14,3,5,6,9,medium
N6491114,Gilbert Krueger,BSc Statistics,2,3.5,0,0,83,12,17,10,4,9,low
N1564059,Dr. Pamela Mills,BA English,1,3.5,3.5,0,75,25,6,4,8,12,low
N3226537,Leah Berry,BSc Applied Biology,1,3.3,0,0,62,6,6,1,10,6,medium
N8780612,Dale Carter,BSc Applied Biology,4,3.6,3.2,2.6,39,1,3,2,8,4,high
N1548852,Michael Cooper,BCom Finance,2,3.4,3.5,0,75,32,7,10,6,12,low
N7106747,Ms. Cindy Li,BEng Civil Engineering,3,3.9,0,0,77,31,20,9,1,12,low
N2124172,Johnny Ferguson,BEng Electrical Engineering,3,3.4,0,0,56,10,4,2,14,9,medium
N6376490,Alan Morris,BEng Civil Engineering,3,3.3,3.0,0,58,15,5,5,7,6,medium
N3058722,Jeremy Hart,BSc Applied Biology,1,3.4,2.9,2.5,43,2,3,1,24,5,high
N2290961,John Wilkins,BEng Electrical Engineering,2,3.1,2.8,2.4,49,0,0,1,13,3,high
N3215051,Bonnie Clark,BSc Applied Biology,1,3.4,3.2,0,75,5,4,4,14,9,medium
N7907041,Mark Spencer,BCom Finance,4,3.5,3.2,3.0,57,5,8,2,12,7,medium
N4804769,Victoria James,BSc Computer Science,2,3.4,3.1,0,73,7,8,3,6,7,medium
N4058159,Jean Scott,BEng Electrical Engineering,2,3.8,3.5,3.2,69,7,6,2,12,7,medium
N7202069,Richard Rivera,BSc Nursing,2,3.1,2.8,2.5,56,10,6,2,11,7,medium
N7787429,Adam Simmons,BSc Information Technology,3,3.7,0,0,72,7,6,3,5,5,medium
N5862493,Connie Valdez,BEng Mechanical Engineering,4,3.8,3.2,0,54,4,2,2,17,4,high
N2960855,Bethany Holmes,BSc Mathematics,4,3.2,2.9,0,58,12,2,2,14,9,medium
N4726955,Maria Washington,BSc Psychology,4,3.6,3.4,0,65,5,6,2,13,9,medium
N9582482,Jennifer Ortega,BCom Business Management,4,4.0,4.0,3.9,77,28,12,7,8,10,low
N8475525,Julie Hensley,BSc Mathematics,4,3.7,0,0,66,5,4,3,9,7,medium
N3341557,Robert Myers,BSc Information Technology,3,3.9,3.8,3.8,88,26,10,6,7,11,low
N5585697,Laura Graham,BEng Electrical Engineering,2,3.3,2.7,2.1,57,6,3,0,8,4,high
N6098837,Michael Key,BEng Electrical Engineering,3,3.4,3.0,2.4,44,2,3,0,17,5,high
N7998729,Dennis Velez,BA English,3,3.1,2.8,2.7,75,15,5,1,14,7,medium
N8316015,Courtney Boyd,BCom Business Management,1,3.7,3.4,3.0,57,14,7,3,13,8,medium
N1981641,Thomas Silva,BEng Electrical Engineering,3,3.1,2.7,0,78,14,2,3,6,9,medium
N5862980,Stephen Huffman,BA English,2,3.2,2.7,0,37,2,3,2,19,1,high
N5554325,Michaela Humphrey,BSc Nursing,2,3.7,3.7,3.8,94,17,14,9,6,10,low
N3735175,Alexandra Hughes,BCom Business Management,2,3.1,2.6,0,53,2,2,1,21,3,high
N8725762,Theresa Porter,BCom Business Management,2,3.9,0,0,92,31,17,12,2,11,low
N8414487,Holly Owens,BEng Electrical Engineering,3,3.9,4.0,4.0,90,23,10,15,6,9,low
N4801288,Ebony Barry,BSc Psychology,4,3.2,2.8,0,27,1,1,2,12,6,high
N4294223,Ronald Jones,BSc Psychology,3,3.3,3.4,3.3,78,14,6,11,7,8,low
N4446060,Cindy Thompson,BSc Nursing,1,3.5,3.1,0,39,5,0,0,11,5,high
N5057108,Donna Rodriguez,BCom Finance,1,3.4,3.1,0,37,4,2,1,13,5,high
N2655671,Justin Hutchinson,BEng Mechanical Engineering,2,3.7,3.3,3.1,77,8,4,2,12,5,medium
N4594921,Danielle Padilla,BSc Nursing,1,3.4,3.3,0,58,7,8,3,10,8,medium
N1681298,Krista Cole,BCom Accounting,4,3.1,3.0,0,71,7,5,3,8,9,medium
N7833061,Edwin Evans,BSc Psychology,4,3.4,3.4,0,84,33,19,11,4,12,low
N7649981,John Wood,BEng Civil Engineering,4,3.6,3.7,3.6,86,17,6,14,8,8,low
N4340115,Shannon Johnston,BSc Mathematics,4,3.5,3.7,3.7,78,35,20,6,2,10,low
N6974321,Nicholas Sweeney,BA Sociology,3,3.6,3.8,4.0,83,34,18,13,5,11,low
N4872547,Richard Salinas,BEng Mechanical Engineering,1,3.5,3.2,0,49,0,0,1,23,4,high
N6485409,Taylor Torres,BSc Applied Biology,4,3.3,3.4,3.5,90,33,6,6,7,12,low
N5390014,Mary Smith,BSc Computer Science,4,3.6,3.7,3.9,81,21,16,11,8,12,low
N8711752,Jacob Hamilton,BA Sociology,3,3.2,0,0,78,24,13,9,7,11,low
N9178136,Kristy Jenkins,BSc Applied Biology,4,3.8,3.9,4.0,80,27,12,6,5,11,low
N7338393,Matthew Molina,BCom Accounting,3,3.5,3.2,0,60,13,2,4,8,8,medium
N1451304,David Parks,BSc Nursing,4,3.6,3.1,2.6,57,0,1,1,19,6,high
N2425085,David Fuller,BCom Business Management,3,3.7,0,0,76,8,3,2,14,7,medium
N8087921,Joshua Ellis,BCom Finance,1,3.5,3.1,2.5,30,0,2,0,22,6,high
N2678672,James Duncan,BSc Nursing,4,3.8,0,0,87,30,12,9,2,11,low
N8314717,Kyle Smith,BCom Business Management,2,3.2,2.8,2.5,76,10,3,5,8,7,medium
N2542796,Patrick Schaefer,BSc Psychology,4,3.6,3.5,3.3,56,9,6,4,7,9,medium
N8263032,Christopher Rose,BEng Civil Engineering,3,3.5,3.3,0,66,6,7,3,12,7,medium
N9660803,Angela Bowen,BCom Business Management,4,3.9,3.9,4.0,89,33,18,12,3,8,low
N2004647,Aaron Chapman,BSc Mathematics,2,3.4,3.2,0,75,13,8,5,10,9,medium
N7919567,Carlos Conway,BCom Accounting,2,3.4,3.5,0,84,25,12,9,2,9,low
N8787307,John Barr,BSc Statistics,1,3.4,3.2,0,58,7,3,1,7,7,medium
N3952542,Larry Cobb,BEng Mechanical Engineering,4,3.5,0,0,63,7,2,3,8,9,medium
N7828441,Thomas Wilson,BCom Business Management,2,3.9,4.0,3.9,76,14,11,13,5,8,low
N9812402,Ms. Rebecca Carpenter,BSc Mathematics,1,3.2,0,0,73,13,2,5,14,9,medium
N8094564,Robert Wright,BEng Electrical Engineering,2,3.4,0,0,85,22,19,13,7,9,low
N9950140,Linda Poole,BSc Nursing,4,3.5,0,0,89,25,10,13,1,11,low
N7169641,Sydney Henderson,BSc Applied Biology,1,3.7,0,0,62,9,8,2,9,8,medium
N7454030,Gary Williams,BSc Psychology,2,3.4,3.4,3.5,96,13,17,14,4,10,low
N2514149,Richard Ortiz,BCom Accounting,2,3.9,0,0,87,12,20,10,5,10,low
N5597569,Amy Harris,BEng Civil Engineering,3,3.9,3.9,0,80,26,16,9,7,8,low
N8061035,Anthony Hernandez,BSc Computer Science,1,3.7,3.8,3.8,78,17,17,8,2,10,low
N7721990,Jonathan York,BSc Psychology,1,3.4,3.4,0,80,32,13,14,3,8,low
N8574743,Cindy Wilson,BSc Applied Biology,3,3.4,3.0,0,53,5,1,2,21,3,high
N7330379,Robert Morris,BSc Statistics,2,4.0,4.0,4.0,81,14,12,9,3,11,low
N7728249,Eric Martin,BSc Nursing,2,3.7,3.7,3.6,89,18,10,15,3,8,low
N9290445,April Sullivan,BCom Business Management,3,3.3,3.3,3.5,78,12,17,12,7,11,low
N4616607,Erin Rogers,BSc Mathematics,4,3.8,3.5,0,70,11,3,4,7,9,medium
N8566133,Mark White,BSc Psychology,1,3.7,3.2,2.6,29,0,2,1,15,5,high
N5298752,Stephanie Miller,BSc Mathematics,4,3.1,3.0,2.8,65,11,7,2,10,8,medium
N5255656,Morgan Baldwin,BEng Civil Engineering,3,3.6,3.6,0,94,33,18,13,1,8,low
N9268480,Heather Anderson,BA Sociology,4,3.7,3.3,2.9,55,0,1,1,13,5,high
N7049733,John Clark,BCom Business Management,3,3.7,3.0,2.6,27,2,0,0,23,3,high
N8381800,Patrick Taylor,BSc Computer Science,2,3.0,0,0,68,7,4,4,6,9,medium
N2946560,John Chambers,BEng Mechanical Engineering,4,3.8,3.5,3.1,50,2,1,2,22,4,high
N5766683,Christina Mckay,BEng Mechanical Engineering,3,3.1,0,0,58,7,2,3,5,6,medium
N4029442,James Strickland,BSc Mathematics,4,3.5,0,0,96,30,9,13,1,12,low
N7267268,Larry Stout,BCom Business Management,3,3.7,0,0,85,12,10,14,2,11,low
N1097397,Joseph Clark,BSc Information Technology,3,3.3,2.7,0,25,3,3,1,16,5,high
N6421907,Christopher Hill,BEng Civil Engineering,1,3.8,3.7,3.9,98,30,8,7,1,10,low
N4493397,Joseph Thompson,BA English,2,3.1,2.9,0,60,8,8,4,5,5,medium
N3202624,Michael Coleman,BA Sociology,2,3.3,2.7,0,51,6,3,2,17,6,high
N2513679,Carrie Duffy,BEng Civil Engineering,4,3.6,3.3,0,67,12,4,5,13,8,medium
N3601637,Christina Briggs,BEng Civil Engineering,1,3.7,3.3,0,52,2,3,2,15,6,high
N9776028,Steve Callahan,BSc Computer Science,1,3.5,3.4,3.3,90,21,8,6,5,9,low
N5275844,Dennis Padilla,BSc Information Technology,2,3.5,3.4,3.1,68,6,5,5,8,7,medium
N8633602,Craig Charles,BCom Accounting,3,3.8,3.9,0,87,13,7,10,5,10,low
N8277938,Thomas Levy,BEng Civil Engineering,1,3.6,0,0,80,18,8,5,5,8,low
N7052024,Dr. James Wright,BEng Electrical Engineering,1,3.6,3.0,2.7,50,3,3,2,23,3,high
N3435283,Melanie White,BA Sociology,2,3.5,2.9,2.3,21,5,1,0,14,4,high
N3786787,Kevin Carrillo,BCom Business Management,4,3.7,3.0,2.5,49,1,3,1,8,1,high
N1132108,Randall Mack,BSc Information Technology,3,3.3,3.3,3.3,81,21,15,10,1,10,low
N1319096,Benjamin Taylor,BSc Applied Biology,4,3.3,2.8,2.4,45,3,3,0,9,5,high
N8318725,Annette Barron,BSc Information Technology,3,3.2,3.3,0,78,27,15,14,6,11,low
N3200475,Thomas Robertson,BCom Business Management,3,3.7,3.4,3.0,71,8,6,3,13,8,medium
N3165880,Thomas Weber,BCom Finance,4,3.3,0,0,80,31,9,8,2,11,low
N1789356,Timothy Pierce,BEng Electrical Engineering,2,3.8,3.1,2.7,46,3,2,0,14,5,high
N2912087,Teresa Hawkins,BA Sociology,2,3.7,0,0,91,13,18,5,6,11,low
N3536352,Ryan Wilson,BSc Computer Science,4,3.7,3.4,3.3,65,10,8,1,12,7,medium
N1704130,Casey Gilmore,BSc Applied Biology,1,3.6,0,0,78,15,18,13,2,12,low
N9361613,Greg Perry,BEng Electrical Engineering,3,3.8,0,0,86,17,17,8,8,12,low
N1110521,Stefanie Butler,BA Sociology,2,3.2,3.0,0,59,6,8,2,11,8,medium
N9886057,Jeffrey Anderson,BEng Civil Engineering,4,3.3,2.9,0,43,5,3,1,15,2,high
N8425238,Robin Hawkins,BEng Mechanical Engineering,1,3.3,0,0,89,28,18,14,6,8,low
N1622329,Anthony Henry,BSc Computer Science,3,3.5,2.8,0,40,3,1,1,9,4,high
N1132577,Nicole Daniels,BEng Civil Engineering,4,3.7,3.4,3.3,76,13,8,3,9,7,medium
N7786479,Peggy Barnes,BA Sociology,3,3.8,3.7,0,92,31,18,13,8,10,low
N2557253,Jeffery Barton,BA English,2,3.4,3.1,0,78,7,6,5,8,6,medium
N8092498,Hannah Webster,BCom Business Management,3,3.8,3.2,0,54,4,2,0,17,6,high
N8528555,Joseph Smith,BSc Mathematics,2,3.2,3.1,2.9,71,10,2,1,14,5,medium
N7336179,Eric Castaneda,BSc Psychology,3,3.4,0,0,64,15,8,5,14,6,medium
N7913101,William Wood,BEng Civil Engineering,2,3.1,0,0,61,10,5,1,6,8,medium
N9706452,Jessica Castillo,BSc Applied Biology,4,3.6,3.3,0,69,6,4,5,10,9,medium
N9485679,David Clark,BA Sociology,1,3.3,3.3,3.5,97,27,17,10,3,9,low
N7196363,Robert Jackson,BCom Finance,4,3.9,0,0,89,27,6,15,3,12,low
N2975386,James Lopez,BA English,2,3.3,2.9,2.4,43,4,2,0,24,2,high
N4071524,Carl White,BSc Psychology,1,3.7,3.4,2.9,57,3,0,1,17,2,high
N8972995,Robin Romero,BSc Applied Biology,4,3.7,3.6,3.5,73,9,6,4,9,8,medium
N7872422,Christian Lane,BSc Computer Science,4,3.5,3.5,0,96,26,8,15,6,8,low
N6181610,Michael Cochran,BSc Applied Biology,1,3.6,0,0,95,14,19,6,1,12,low
N8983198,James Roberts,BSc Statistics,2,3.4,3.1,0,59,4,0,2,24,2,high
N9951380,Jill Lindsey DDS,BSc Information Technology,1,3.7,3.8,0,83,18,9,15,8,8,low
N5314727,Tammy Reyes,BA Sociology,2,3.1,0,0,60,11,2,5,9,8,medium
N7832964,Debbie Gamble,BCom Finance,3,3.5,0,0,60,9,8,1,6,7,medium
N7926017,Cory Franco,BSc Psychology,1,3.7,3.2,2.6,23,2,3,0,18,2,high
N7460044,Jessica Klein,BSc Information Technology,4,3.8,3.7,0,74,14,3,4,12,9,medium
N2703045,Lucas Castro,BEng Civil Engineering,4,3.2,2.8,0,21,3,1,0,16,5,high
N3821731,Stephanie Williams,BSc Computer Science,1,3.6,2.9,2.4,60,4,1,0,19,5,high
N9089743,Crystal Brock,BEng Civil Engineering,3,3.4,3.6,0,94,21,16,6,1,8,low
N3708116,Mary Hogan,BEng Mechanical Engineering,1,3.8,3.7,3.6,81,30,19,12,5,8,low
N9469478,Debra Sanders,BSc Nursing,3,4.0,4.0,0,98,29,10,10,4,12,low
N4533682,John Glover,BEng Electrical Engineering,1,3.6,3.6,3.8,97,26,10,7,6,10,low
N9203667,Erica Ford,BSc Applied Biology,1,3.8,3.7,3.9,75,12,16,6,7,12,low
N7005668,Sandra Jacobs,BSc Nursing,2,3.3,2.9,2.8,76,12,7,1,9,8,medium
N4213032,Pamela Matthews,BSc Mathematics,2,3.1,2.8,2.5,62,5,8,3,14,7,medium
N4289790,David Morris,BCom Finance,4,4.0,4.0,4.0,86,13,10,11,4,8,low
N2091346,Theresa Moore,BEng Mechanical Engineering,3,3.1,2.4,0,32,5,1,0,12,6,high
N1032798,Kenneth Johnson,BSc Nursing,4,3.8,3.2,0,21,5,2,2,25,4,high
N7064491,Ronald Lewis,BSc Statistics,2,3.6,0,0,88,20,7,14,8,11,low
N4264982,Patrick Williams,BSc Mathematics,4,3.3,2.6,0,46,4,3,1,8,4,high
N2622794,Jeffrey Lam,BCom Finance,3,3.2,3.3,0,82,18,8,9,5,8,low
N6596685,Maria Davis,BSc Psychology,4,3.6,0,0,82,15,13,7,6,8,low
N1559414,Andrew Huff,BSc Statistics,4,3.5,3.4,3.3,95,26,15,5,2,8,low
N1936000,Wendy Schwartz,BCom Finance,4,3.4,2.8,2.3,59,5,3,0,11,6,high
N8788136,Philip Chen,BSc Applied Biology,1,3.6,3.3,3.1,74,15,6,1,11,8,medium
N2133208,Gail Bass,BSc Statistics,2,3.5,0,0,65,14,3,1,5,5,medium
N5079421,Debra Butler,BSc Computer Science,2,3.3,0,0,83,23,12,11,8,9,low
N3443176,Natalie Bryan,BCom Accounting,3,3.1,2.8,0,68,13,7,3,8,9,medium
N4982698,Francisco Fields,BSc Mathematics,2,3.6,3.8,3.8,91,30,16,14,3,8,low
N6555698,Larry Campbell,BEng Civil Engineering,3,3.9,4.0,4.0,81,14,11,7,8,11,low
N4741740,Christopher Parrish,BEng Mechanical Engineering,3,3.6,3.1,2.7,49,6,0,1,15,1,high
N1165961,Mercedes Taylor,BA Sociology,1,3.3,0,0,87,18,12,6,1,10,low
N4318952,Michael Wells,BEng Mechanical Engineering,2,3.2,2.5,0,48,1,2,0,8,2,high
N5392083,Linda Kelley,BCom Business Management,2,3.7,0,0,72,8,3,2,4,6,medium
N7201541,Mr. Christopher Mcguire,BA English,4,3.6,3.4,3.1,58,10,3,3,11,6,medium
N9934785,Dawn Clark,BEng Civil Engineering,2,3.5,3.5,0,77,15,8,6,4,9,low
N6497568,Elizabeth Smith,BCom Business Management,4,3.4,3.5,3.7,94,30,9,12,5,9,low
N9533123,Dana Watson,BA Sociology,4,3.3,3.0,2.8,57,12,8,5,5,6,medium
N5501921,Stephen Jackson,BSc Statistics,2,3.5,3.1,0,43,4,3,2,23,4,high
N3637534,Christopher Mcpherson,BSc Psychology,2,3.7,3.5,0,62,11,3,3,10,8,medium
N1690263,Jillian Patterson,BEng Civil Engineering,4,3.6,3.6,3.6,84,26,14,9,4,12,low
N8410303,Danny Campbell,BCom Accounting,1,3.2,3.1,2.7,70,10,4,4,4,6,medium
N4360587,Caroline Thomas,BCom Business Management,3,3.5,3.5,3.5,82,15,7,5,6,8,low
N6815525,Mark Goodman,BA English,1,3.6,2.9,2.3,58,1,2,0,17,3,high
N4521118,Dawn Evans,BSc Information Technology,4,3.4,3.1,2.8,71,7,8,4,7,6,medium
N4516248,Luke White,BCom Business Management,2,3.4,3.3,3.2,57,10,8,2,10,8,medium
N8032125,Michael Patton,BEng Mechanical Engineering,3,3.3,3.0,0,78,5,5,3,9,6,medium
N6540684,Stanley Mccoy,BEng Civil Engineering,4,3.5,3.1,2.8,55,14,8,1,6,6,medium
N2822649,Kyle King,BCom Accounting,1,3.3,3.0,0,67,6,6,4,7,8,medium
N4132173,Jasmine Taylor,BSc Applied Biology,1,3.2,2.8,2.4,55,1,0,2,23,1,high
N7561657,Charlene Crosby,BEng Electrical Engineering,4,3.1,0,0,66,13,2,2,9,8,medium
N6196863,Alexander Bates,BCom Finance,3,3.3,3.0,2.9,57,11,8,2,6,6,medium
N1124877,Kevin Sloan,BEng Civil Engineering,2,4.0,3.9,0,91,34,16,11,5,9,low
N2528449,Devin Martin,BCom Business Management,3,3.2,3.0,0,73,12,5,4,13,5,medium
N8681081,Joshua Roberts,BEng Civil Engineering,1,3.3,3.1,2.8,60,11,3,2,13,8,medium
N4644931,Benjamin Ramirez,BA Sociology,1,3.7,3.3,0,60,9,7,5,8,5,medium
N3765541,Erika Jones,BSc Applied Biology,4,3.4,3.3,3.2,77,15,14,9,7,11,low
N1180143,Carla Diaz,BEng Mechanical Engineering,4,3.2,2.8,2.6,78,11,8,2,10,5,medium
N8898507,Kristen Haley,BEng Electrical Engineering,1,3.7,0,0,57,6,6,2,11,6,medium
N2301665,Colleen Smith,BSc Applied Biology,3,3.7,0,0,80,21,7,12,7,9,low
N9930492,Rachel Elliott,BA English,1,3.2,2.6,0,42,1,1,2,9,6,high
N7331646,Mrs. Terri Williams,BSc Nursing,2,3.6,0,0,64,12,2,5,4,5,medium
N2059841,Brooke Rivera,BCom Business Management,2,3.2,2.6,0,21,3,0,0,18,2,high
N4180079,Paula Robinson,BSc Mathematics,2,3.7,3.7,3.7,76,25,14,5,6,10,low
N7529468,Gabriel Colon,BCom Business Management,3,3.2,2.9,0,40,1,0,1,18,1,high
N9381494,Danny Martinez,BEng Mechanical Engineering,2,4.0,0,0,86,13,7,7,7,10,low
N6570816,Donald King,BSc Information Technology,1,3.1,2.9,2.5,58,14,4,4,14,6,medium
N9445986,Robert Jackson,BSc Mathematics,1,3.5,0,0,74,14,5,4,12,6,medium
N2331937,Donna West,BSc Mathematics,2,3.2,3.2,0,78,21,9,15,7,9,low
N3252626,Destiny Gregory,BA English,4,3.2,2.9,2.8,75,5,3,5,11,7,medium
N5064263,Cassie Ward,BSc Statistics,2,3.4,0,0,84,12,9,15,6,10,low
N6396173,Heather Meadows,BSc Psychology,2,3.3,3.2,3.4,97,35,9,13,7,12,low
N4428815,Catherine Dunn,BSc Information Technology,3,3.2,2.7,0,29,1,1,0,13,5,high
N5787427,Matthew Garcia,BA English,4,3.5,3.1,0,32,1,3,0,15,3,high
N8091683,Michael Johnson,BA English,4,3.4,2.8,2.2,43,3,3,0,23,4,high
N3947745,Jennifer Mcdonald,BA Sociology,4,3.2,2.8,2.4,44,3,0,1,25,2,high
N1070138,Donna Salinas,BEng Civil Engineering,3,3.0,2.5,1.8,28,5,3,0,12,2,high
N3088386,Mr. Keith Schmitt,BCom Accounting,3,3.3,3.2,2.9,64,15,6,1,10,5,medium
N8114216,Diana Potter,BSc Information Technology,1,3.6,0,0,70,15,7,3,4,8,medium
N5384401,Nathan Lopez,BCom Finance,2,3.7,3.6,3.6,86,32,17,14,1,9,low
N4167928,Craig Johnson,BCom Accounting,3,3.7,3.1,0,25,5,3,1,10,5,high
N2491048,Sean Hawkins,BEng Electrical Engineering,3,3.1,2.8,2.6,72,15,5,5,8,8,medium
N9249747,Robert Mercado,BA English,4,3.2,0,0,98,24,17,8,1,9,low
N7285607,Logan Jackson,BSc Mathematics,4,3.1,0,0,75,9,7,4,6,6,medium
N4065690,Kenneth Mendoza,BSc Statistics,4,3.6,3.2,0,27,3,1,0,14,1,high
N2437925,Jacob Parrish,BSc Computer Science,2,3.3,3.2,0,74,6,8,2,5,7,medium
N1702283,Jaclyn Diaz,BA Sociology,3,3.1,2.8,2.6,76,6,2,1,8,5,medium
N6755884,Christopher Rose,BSc Nursing,4,4.0,0,0,90,22,15,10,6,10,low
N8665833,Adam Johnson,BSc Statistics,2,3.7,3.4,0,56,10,8,3,5,5,medium
N8581927,Phyllis Kelley,BSc Computer Science,3,3.5,3.0,2.4,27,6,2,2,15,3,high
N8454220,Nancy Baker,BSc Psychology,3,3.2,2.7,2.2,43,6,0,2,18,6,high
N4272848,Andrea Cuevas,BEng Mechanical Engineering,1,3.6,3.2,2.9,70,15,8,1,10,7,medium
N9089445,Wendy Bennett,BEng Electrical Engineering,1,3.5,3.1,0,25,2,3,0,22,1,high
N5322289,Jose Cross,BSc Statistics,4,3.5,2.9,0,21,1,2,1,16,2,high
N6758373,Brittney Brown,BCom Business Management,4,3.3,2.7,2.1,41,6,1,2,10,6,high
N2495511,Christopher Zimmerman,BSc Psychology,3,3.5,3.7,3.8,82,20,7,8,2,8,low
N9985927,Michael Hernandez,BSc Nursing,2,3.2,2.5,2.1,40,3,0,1,9,5,high
N8727632,Ashley Davis,BSc Information Technology,4,3.3,2.9,0,74,14,3,1,10,5,medium
N9428504,Stephanie Rivas,BCom Business Management,4,3.8,3.4,0,38,1,0,2,18,3,high
N6589238,Benjamin Shepherd,BA English,2,3.3,3.3,3.4,81,27,10,15,7,8,low
N3670819,Michael Lee,BSc Information Technology,3,4.0,4.0,4.0,76,17,19,11,7,10,low
N4273103,Mrs. Amanda Terry,BA English,1,3.8,3.8,3.7,87,14,14,15,5,10,low
N3307889,Elizabeth Khan,BEng Electrical Engineering,2,3.6,3.6,0,97,21,13,14,3,12,low
N2710400,Sarah Hernandez,BEng Civil Engineering,4,3.5,0,0,78,8,7,1,9,9,medium
N1880336,Jessica Smith,BEng Electrical Engineering,4,3.3,3.4,3.5,80,13,7,9,8,9,low
N3893851,Kelly Thomas,BA English,1,3.5,3.2,0,58,8,5,4,8,9,medium
N1194656,Brian Calderon,BSc Psychology,4,3.3,0,0,95,24,10,14,8,10,low
N2586340,Stephen Wood,BEng Civil Engineering,4,3.8,0,0,91,19,6,13,8,10,low
N6456436,Gina Park,BSc Computer Science,4,3.3,3.3,3.4,97,25,10,13,3,8,low
N2968404,Teresa Daniel,BSc Information Technology,3,3.3,3.4,3.3,92,28,13,5,2,9,low
N5307726,Dawn Wallace,BSc Psychology,3,3.7,3.4,0,28,4,1,2,13,1,high
N1774541,Matthew Jones,BA Sociology,4,3.8,3.4,3.2,72,7,5,1,7,7,medium
N9566284,Michelle Thompson,BSc Computer Science,2,3.2,2.6,0,51,5,2,2,19,5,high
N7024113,Heather Parker,BEng Civil Engineering,2,3.2,2.9,2.5,29,2,1,0,25,2,high
N4418574,Michael Brown,BSc Applied Biology,2,3.1,2.9,2.6,57,9,7,4,6,9,medium
N3575158,Darren Rose,BCom Finance,2,3.5,3.5,0,93,33,16,12,3,11,low
N2106614,Michael Reid,BSc Nursing,3,3.3,2.9,0,27,4,0,2,25,4,high
N7352396,Diana Herrera,BEng Mechanical Engineering,3,3.8,3.4,0,34,2,0,0,20,2,high
N5547530,Ryan Olsen,BEng Electrical Engineering,3,3.7,0,0,90,15,14,9,5,12,low
N3140306,Sophia Smith,BEng Electrical Engineering,2,3.4,3.5,3.4,87,17,11,15,7,11,low
N8016965,Alexa Foster,BSc Information Technology,3,3.6,0,0,78,9,2,3,7,9,medium
N2458649,Bryce Martin,BCom Business Management,1,4.0,4.0,0,91,21,10,10,4,10,low
N1963205,Donna Huff DVM,BSc Information Technology,1,3.3,3.4,0,77,35,9,5,3,12,low
N9351785,Melissa Herrera,BEng Civil Engineering,1,3.6,3.8,3.9,88,33,14,15,3,11,low
N9860239,Andrew Reed,BCom Finance,4,3.7,0,0,98,12,17,10,6,9,low
N7158092,Sue Stewart,BSc Information Technology,4,3.9,3.9,3.8,96,28,20,7,3,8,low
N6019373,Danielle Thompson,BCom Finance,4,3.4,3.0,2.4,27,2,1,2,11,3,high
N9191751,Maria Marsh,BCom Finance,4,3.0,0,0,64,15,6,1,11,9,medium
N6948065,Lawrence Stanton,BSc Psychology,2,3.0,2.8,0,66,6,2,3,6,8,medium
N7633020,Shelly Munoz,BEng Electrical Engineering,3,3.3,3.1,0,70,5,3,3,7,8,medium
N8280643,Kimberly Gaines,BCom Accounting,1,3.0,2.7,0,48,5,3,0,12,3,high
N4338530,Anthony Ramsey,BSc Information Technology,2,3.8,3.5,3.0,46,5,2,0,13,6,high
N2809919,Dakota Rose,BEng Electrical Engineering,3,3.6,0,0,67,13,7,4,6,5,medium
N1134702,Barbara Morgan,BSc Psychology,4,3.3,3.1,0,76,8,2,3,10,9,medium
N5421311,Michael Thomas,BSc Applied Biology,4,3.8,0,0,59,13,3,2,8,5,medium
N3021003,Mrs. Sharon Boyd,BSc Mathematics,2,3.1,2.7,0,26,5,1,0,12,2,high
N9807554,Jon Lopez,BEng Civil Engineering,4,3.2,2.8,2.6,74,8,2,1,10,8,medium
N7099795,Stephen Delgado,BSc Statistics,1,3.2,2.6,2.2,47,5,0,1,11,3,high
N5700293,William Ward,BCom Accounting,4,3.7,3.2,0,20,0,2,0,17,4,high
N3186206,Jacqueline Bush,BCom Finance,3,3.3,3.0,2.7,64,6,2,1,14,9,medium
N3189181,Ashley Hamilton DVM,BSc Statistics,2,3.5,3.4,3.1,63,8,6,4,5,5,medium
N8955730,Stephanie Orr,BEng Electrical Engineering,1,3.8,3.3,0,48,0,0,2,18,3,high
N8524283,Carl Robertson,BSc Psychology,4,3.5,2.8,0,46,4,2,2,19,3,high
N5859627,Kathryn Butler,BSc Mathematics,4,3.0,2.9,2.5,71,5,3,5,8,6,medium
N7444974,Donna Kent,BCom Accounting,2,3.4,3.2,0,72,13,2,2,11,9,medium
N8641031,Tyler Cruz,BEng Mechanical Engineering,3,3.4,3.0,2.6,30,4,1,2,8,5,high
N1655832,Daniel Cooper,BCom Accounting,1,3.7,3.9,0,80,19,6,12,4,10,low
N7192640,Glenn Clarke,BEng Electrical Engineering,4,3.5,3.7,3.7,82,18,14,5,1,10,low
N4678901,Molly Norman,BSc Computer Science,1,3.8,3.8,0,84,22,6,14,1,10,low
N4701708,William Rivera,BCom Finance,4,3.5,0,0,97,24,16,8,4,11,low
N2571875,Mr. Aaron Olson,BSc Mathematics,4,3.4,3.0,2.4,34,5,3,1,12,4,high
N3981886,Jeff Huff,BSc Psychology,4,3.9,4.0,3.9,80,32,10,4,5,9,low
N2673190,Michael Sanchez,BSc Psychology,1,3.3,0,0,75,11,2,5,6,5,medium
N3393028,Lynn Johns,BA English,1,4.0,3.9,4.0,95,13,8,7,2,10,low
N8454556,Mark Hunt,BEng Electrical Engineering,2,3.7,3.5,0,65,6,3,2,11,9,medium
N5978445,Kathy Sparks DVM,BSc Computer Science,2,3.1,2.7,2.0,37,5,0,0,9,1,high
N2885904,Alan Rios,BSc Mathematics,1,3.4,0,0,59,10,7,3,7,8,medium
N7048077,Alexander Esparza,BSc Statistics,1,3.9,0,0,84,23,7,13,6,8,low
N3520273,Katherine Glass,BSc Nursing,1,3.9,3.9,4.0,80,25,14,9,3,11,low
N3493814,Sarah Smith,BSc Nursing,2,3.6,0,0,70,15,4,3,5,5,medium
N8171473,Alex Ruiz,BSc Nursing,2,3.8,3.7,0,78,12,8,1,5,9,medium
N7944833,Gina Williams,BSc Statistics,2,3.5,3.1,2.4,44,2,2,1,21,4,high
N9996153,Mary Shaw,BEng Mechanical Engineering,4,3.7,3.6,0,72,12,6,5,11,9,medium
N1048085,Roger Davis,BSc Nursing,4,3.2,0,0,77,8,7,1,7,7,medium
N5944200,Joseph Williams,BSc Mathematics,2,3.6,3.8,4.0,78,13,20,9,6,9,low
N1442027,Linda Jenkins,BEng Mechanical Engineering,1,3.8,3.8,0,76,35,8,5,3,11,low
N3464349,Tyler Dunn,BSc Mathematics,1,3.5,0,0,77,27,19,13,3,8,low
N9849143,Richard Jones,BSc Information Technology,1,3.6,3.1,2.5,46,1,1,1,12,6,high
N9443896,Mr. Christopher Smith,BSc Applied Biology,4,3.1,2.8,0,59,5,7,1,13,6,medium
N3630678,Samantha Foster,BA Sociology,4,3.4,0,0,83,30,14,8,4,11,low
N7581550,Ryan Moreno,BSc Psychology,4,3.3,3.5,3.6,79,35,9,10,1,9,low
N7232368,Alex Woods,BCom Accounting,1,3.5,0,0,75,15,5,4,6,5,medium
N3730666,Lucas Harmon,BSc Computer Science,3,3.4,3.0,0,43,4,2,0,15,3,high
N1752869,Gary Rose,BCom Accounting,1,3.5,3.2,2.8,32,5,0,0,16,1,high
N6969959,Robert Collins,BSc Statistics,1,4.0,4.0,4.0,84,24,14,7,6,11,low
N1627606,Dr. Nathan Murphy II,BSc Applied Biology,4,3.2,0,0,59,5,6,4,11,9,medium
N3701920,Hannah Irwin,BCom Accounting,3,3.8,3.3,2.9,60,0,1,0,12,6,high
N4503428,Bernard Miller,BSc Applied Biology,4,4.0,3.9,3.8,88,13,20,15,7,9,low
N2578970,Ray Garcia,BEng Electrical Engineering,1,3.4,2.7,0,20,1,2,2,10,4,high
N5327583,Joanna Rodriguez,BSc Information Technology,2,3.8,3.5,0,66,10,2,1,6,8,medium
N7862438,Danny Green,BCom Business Management,3,3.9,3.8,3.8,93,27,6,9,5,11,low
N1957285,Willie Walker,BEng Mechanical Engineering,1,3.6,0,0,76,11,6,4,8,5,medium
N4742179,Alexa Miranda,BSc Information Technology,4,3.3,2.7,2.3,26,2,3,0,20,1,high
N7736395,Rebecca Nash,BSc Mathematics,4,3.3,2.9,2.4,31,5,0,1,21,2,high
N4581434,James Thomas,BA English,4,3.3,2.6,0,49,0,1,1,12,6,high
N4548261,Austin Dalton,BSc Psychology,2,3.7,3.3,2.7,43,6,3,1,14,1,high
N9804312,Jimmy Pineda MD,BSc Statistics,4,3.2,2.8,2.5,45,0,2,2,22,4,high
N8977556,Aaron Adams,BEng Mechanical Engineering,4,3.4,0,0,64,7,3,3,10,8,medium
N4331283,Barbara Smith,BSc Applied Biology,3,3.1,2.8,2.7,77,14,5,1,12,9,medium
N7818036,Walter Murphy,BCom Business Management,2,3.2,2.5,0,49,1,3,1,11,6,high
N8049385,Karen Combs,BCom Finance,4,3.8,0,0,95,30,7,4,4,9,low
N7103458,Robert Casey MD,BCom Business Management,1,3.0,2.7,0,61,8,7,5,4,7,medium
N8144563,Anita Young,BEng Electrical Engineering,4,3.6,3.5,0,95,26,12,10,6,10,low
N7401570,Christina Chapman,BCom Accounting,1,3.2,2.9,2.7,60,13,6,2,12,8,medium
N9328292,Anthony Warren,BSc Information Technology,1,3.8,4.0,3.9,78,14,16,4,7,8,low
N4280956,Jeffrey Daniels,BSc Nursing,4,3.9,0,0,88,18,9,11,7,8,low
N5758092,Jeffrey Waters,BA English,4,3.2,3.0,2.6,75,11,2,3,7,9,medium
N7281485,Kevin Perez,BSc Nursing,2,3.9,4.0,4.0,75,25,6,4,1,9,low
N7598776,Erika Smith,BEng Civil Engineering,2,3.9,3.9,4.0,88,19,14,10,4,12,low
N3119470,Amanda Campos,BA English,3,3.4,3.1,2.9,65,13,3,4,7,5,medium
N8338707,Anne Cox,BA Sociology,1,3.2,3.1,3.2,80,22,9,5,2,8,low
N4129876,Stephanie Marquez,BCom Accounting,2,3.4,0,0,75,35,17,6,8,10,low
N5613144,Christine Chavez,BSc Applied Biology,1,3.1,0,0,62,11,8,3,14,5,medium
N3379602,Brittany Cobb,BSc Psychology,1,3.4,0,0,93,15,7,11,2,8,low
N7941491,Mario Jackson,BEng Civil Engineering,3,3.1,3.0,2.7,66,8,5,1,11,5,medium
N1527651,Kevin Herrera,BSc Information Technology,1,3.3,3.5,0,89,17,8,8,1,9,low
N1386516,Robert Mccoy,BSc Nursing,1,3.4,3.0,0,36,0,1,2,8,5,high
N5489424,Jennifer Wise,BSc Psychology,3,3.4,0,0,75,22,8,7,2,9,low
N9600949,Mathew Mendoza,BCom Accounting,2,4.0,0,0,95,21,13,15,8,11,low
N4453284,Anthony Sanders,BCom Finance,3,3.8,3.3,2.8,37,3,0,2,17,2,high
N6920939,Mark Osborne,BSc Statistics,1,3.5,3.6,3.6,94,15,15,10,7,9,low
N1502309,Erica Spears,BEng Electrical Engineering,3,3.3,3.3,0,83,30,12,8,6,11,low
N3051914,Angela Mathis,BSc Information Technology,3,3.0,2.9,2.7,61,15,4,3,6,7,medium
N4648430,Thomas Curry,BSc Statistics,1,3.3,3.4,0,92,14,12,8,4,12,low
N4324412,Nathaniel Montoya,BCom Accounting,4,3.4,3.4,0,95,25,16,10,6,10,low
N1356829,Allen Turner,BCom Accounting,2,3.2,2.5,0,48,1,2,2,20,2,high
N1273003,Shane Zuniga,BCom Business Management,4,3.3,0,0,87,13,20,12,1,10,low
N6254198,Timothy Barnes,BEng Civil Engineering,3,3.6,0,0,83,22,18,9,7,8,low
N2723751,Melissa Kline,BCom Business Management,1,3.2,0,0,89,27,19,14,2,10,low
N4207127,Natasha Davidson,BSc Computer Science,1,3.6,3.0,2.5,40,6,3,0,13,1,high
N6525223,John Hoffman,BEng Electrical Engineering,2,3.6,3.4,0,56,6,2,3,5,7,medium
N3053083,Christopher Taylor,BCom Finance,4,3.6,0,0,78,16,11,6,7,11,low
N2540137,Zachary Manning,BSc Nursing,2,3.4,3.5,0,83,22,18,15,8,9,low
N2011111,Christina Hudson,BSc Mathematics,4,3.4,3.4,3.5,98,18,17,5,2,11,low
N3583673,Deborah Harvey,BSc Mathematics,3,3.7,3.0,0,33,6,2,1,22,6,high
N2151576,Kim Lloyd,BSc Applied Biology,3,3.2,0,0,69,14,6,2,10,6,medium
N2848835,Jamie Brewer,BSc Computer Science,4,3.4,3.4,0,93,32,7,6,8,8,low
N8238926,Monica Johnson,BA Sociology,3,3.4,3.5,0,89,23,10,5,2,10,low
N8089856,Jennifer Jones,BCom Finance,3,3.2,2.7,0,37,2,0,0,20,6,high
N5176591,Susan Nguyen,BSc Psychology,1,3.8,0,0,70,13,5,1,14,5,medium
N4799452,Susan Myers,BSc Psychology,2,3.9,4.0,4.0,93,20,9,5,2,10,low
N6832315,Christina Lin,BSc Psychology,2,3.7,3.8,3.9,97,20,13,7,3,9,low
N6286710,Christian Bartlett,BEng Electrical Engineering,3,3.5,0,0,77,14,5,3,7,6,medium
N1349416,Jose Gibson,BEng Electrical Engineering,1,3.3,3.5,0,79,12,16,11,7,10,low
N2835192,Brad Thompson,BCom Finance,3,3.2,0,0,90,30,6,11,4,11,low
N6110378,Victoria Craig,BEng Mechanical Engineering,3,3.8,3.8,0,91,28,8,6,2,8,low
N1227516,Matthew Moore,BSc Statistics,4,3.9,4.0,0,83,33,13,8,6,11,low
N3376209,Amanda Graham,BEng Mechanical Engineering,4,3.3,2.9,0,53,5,0,0,21,2,high
N5595680,Maria Campos,BSc Statistics,2,3.7,3.4,3.0,78,6,3,4,14,5,medium
N5634657,William Dodson,BCom Finance,3,3.2,0,0,76,10,4,4,13,8,medium
N2848691,William Vega,BEng Electrical Engineering,4,4.0,4.0,0,78,25,18,11,6,10,low
N9167564,Victoria Stewart,BSc Computer Science,2,3.4,3.3,0,91,21,15,12,3,10,low
N8219619,Jessica Wilson,BSc Computer Science,3,3.3,0,0,73,6,2,4,8,5,medium
N4300538,Allen Cook,BSc Computer Science,4,3.3,2.9,0,38,6,1,0,16,2,high
N2646494,Christopher Barker,BEng Electrical Engineering,4,3.9,4.0,0,82,33,16,10,7,11,low
N3276513,Cassidy Welch,BCom Accounting,3,3.5,0,0,85,30,8,14,4,10,low
N8329845,Fred Howard,BSc Applied Biology,3,3.1,2.5,2.0,56,5,3,2,13,4,high
N1443289,Alexis Harrington,BEng Electrical Engineering,3,3.8,3.7,0,68,12,5,4,11,5,medium
N7587730,Dr. Kayla Craig DVM,BCom Business Management,4,3.3,3.2,3.3,93,28,11,6,5,8,low
N2634085,Mason Bell,BSc Computer Science,1,3.9,3.9,3.9,77,13,10,14,2,10,low
N9661473,Luis Grimes,BSc Statistics,2,3.3,3.5,3.4,96,28,17,15,1,9,low
N2924495,Kara Lucas,BCom Finance,1,3.1,0,0,64,5,8,4,13,6,medium
N8445994,Kelsey Maldonado,BCom Accounting,4,3.3,0,0,62,8,2,4,4,9,medium
N8367376,Gregory Rodriguez,BSc Computer Science,2,3.7,3.6,3.5,60,8,8,5,8,9,medium
N5856148,Sonia Watts,BEng Civil Engineering,1,3.5,3.1,2.7,35,1,1,1,23,3,high
N7533541,Matthew Nicholson,BSc Applied Biology,4,3.0,2.9,0,68,7,2,3,11,5,medium
N1153009,Luis Parker,BSc Mathematics,3,3.8,3.3,2.7,42,1,3,2,22,3,high
N6903348,Sharon Jones,BA English,2,3.7,3.7,3.8,91,24,14,5,3,9,low
N7317003,Allison Cooper,BSc Statistics,3,3.8,3.5,3.2,76,9,5,1,14,8,medium
N1753785,Erin Miller,BSc Applied Biology,1,3.0,2.6,0,40,4,2,2,20,1,high
N3919201,Kimberly Harris,BEng Civil Engineering,1,3.6,3.3,0,76,12,4,2,7,5,medium
N7280082,Tina Moran,BSc Nursing,1,3.5,2.8,0,36,0,0,2,10,4,high
N5236162,Gabrielle Harrison,BEng Electrical Engineering,4,3.6,3.6,3.6,87,16,16,13,4,9,low
N1557661,Pamela Livingston,BSc Nursing,4,3.8,0,0,81,14,15,4,2,9,low
N4480849,Anna Martinez,BSc Nursing,2,3.7,3.8,0,77,22,8,14,8,9,low
N2311035,Kristen Cooke,BSc Mathematics,1,3.3,3.3,3.2,89,25,16,10,2,12,low
N7004652,Jennifer Morton,BCom Accounting,1,3.3,0,0,85,12,9,8,5,11,low
N1950399,Edwin Espinoza,BCom Finance,4,3.4,0,0,62,13,6,5,8,8,medium
N5376858,Kenneth Cook,BEng Electrical Engineering,2,3.4,0,0,83,32,6,4,6,11,low
N2223258,Kelly Young,BA English,1,3.6,3.2,2.9,78,10,8,1,7,8,medium
N9032452,Hannah Norman,BSc Psychology,1,3.8,3.5,0,57,11,6,5,5,9,medium
N4821097,Monica Kelly,BSc Computer Science,2,3.0,0,0,62,15,4,4,11,7,medium
N1874771,Ruben Ward,BEng Civil Engineering,4,3.3,3.0,0,67,15,7,1,12,8,medium
N4248834,Amanda Miller,BSc Mathematics,2,3.3,0,0,58,12,2,5,9,7,medium
N1768056,Randall Schneider,BSc Mathematics,1,3.8,3.2,0,20,1,3,2,25,5,high
N6866446,William Smith,BEng Electrical Engineering,4,3.5,2.8,0,28,3,1,1,9,3,high
N4453773,Joseph Gonzalez,BCom Business Management,2,3.4,3.1,2.7,58,15,2,1,8,9,medium
N9838978,Ashley Mendez,BA Sociology,1,3.7,3.4,0,64,10,8,5,8,6,medium
N3300684,Daniel Thompson,BA Sociology,2,3.7,3.3,0,46,5,3,1,10,2,high
N8612879,Steven Larson,BSc Computer Science,3,3.8,3.3,0,29,0,1,2,22,6,high
N7441381,Angela Blankenship,BSc Computer Science,2,3.4,3.2,0,67,9,8,1,4,7,medium
N1525229,Michael Moore,BSc Statistics,3,3.4,3.0,0,60,15,5,5,4,7,medium
N8282586,Barbara Ortega,BA English,1,3.9,4.0,4.0,83,30,9,4,6,12,low
N9705913,Angel Cunningham,BSc Statistics,2,3.4,3.4,0,98,33,10,12,8,11,low
N5963118,Randy Miller,BCom Accounting,3,3.3,3.0,2.6,20,2,2,0,15,5,high
N3999504,Jason Park,BSc Information Technology,1,3.6,0,0,94,12,7,8,6,10,low
N1982890,Melanie Barber,BCom Accounting,3,3.5,0,0,66,12,7,5,7,8,medium
N3134439,Johnny Juarez,BEng Electrical Engineering,1,3.4,0,0,89,17,10,8,5,11,low
N6323988,Casey Ali,BCom Accounting,3,3.0,2.8,2.4,75,5,3,5,11,9,medium
N2831459,Helen Martin,BSc Mathematics,3,3.1,2.8,2.5,42,4,0,2,15,3,high
N3400475,James Ball,BEng Civil Engineering,3,3.2,3.3,3.3,96,25,7,14,7,10,low
N5880032,Lorraine Irwin,BA English,3,3.7,3.6,3.3,64,14,2,2,9,5,medium
N7355875,Hayley Todd,BSc Applied Biology,2,3.7,0,0,78,13,8,5,9,6,medium
N8014220,Justin Dominguez,BCom Business Management,1,3.4,0,0,75,6,2,2,13,9,medium
N4271952,Justin Murphy,BSc Nursing,2,3.9,4.0,0,96,28,14,11,6,10,low
N8465986,Kaitlin Gross,BSc Nursing,1,3.8,3.8,0,86,19,13,9,2,9,low
N4854788,Kimberly Burns,BSc Statistics,2,3.7,0,0,95,27,15,7,8,11,low
N5366756,Ashley Mays,BSc Psychology,4,3.8,3.8,0,88,33,15,14,3,12,low
N1260252,John Maxwell,BA Sociology,4,3.1,2.9,0,59,14,5,2,6,8,medium
N2224983,James Cruz,BSc Nursing,2,3.3,3.5,3.7,79,13,19,10,1,9,low
N6647890,Susan Rocha,BSc Psychology,3,3.5,3.4,3.1,72,8,7,3,5,7,medium
N9004511,Jacob Phillips,BSc Statistics,1,3.8,3.8,3.9,88,32,13,15,7,10,low
N6376038,Michael Smith,BCom Accounting,4,3.4,2.7,2.4,20,4,2,2,22,4,high
N5785821,Dominique Arnold,BEng Electrical Engineering,1,3.3,3.0,0,73,13,6,5,12,8,medium
N6274209,Jennifer Logan,BCom Accounting,3,3.3,3.2,0,98,35,9,10,5,12,low
N4886854,Miss Stephanie Marshall,BSc Psychology,2,3.5,0,0,62,7,4,3,13,5,medium
N4273782,Sherri Braun,BSc Nursing,2,3.2,0,0,91,17,6,13,1,12,low
N8614329,Nancy Edwards,BEng Mechanical Engineering,1,3.2,0,0,73,11,7,4,12,6,medium
N2953918,Robert Rivera,BEng Mechanical Engineering,2,3.8,0,0,68,12,4,1,6,7,medium
N9604096,Jessica Garcia,BEng Mechanical Engineering,3,3.7,0,0,85,17,14,9,5,11,low
N1597875,James Duffy,BEng Civil Engineering,2,4.0,3.9,3.8,76,25,7,15,6,9,low
N5741235,Grace Ward,BCom Business Management,2,3.3,3.5,3.7,83,27,8,11,3,11,low
N8015549,Sean Moreno,BSc Nursing,4,3.6,3.0,2.6,24,3,1,2,13,1,high
N9224559,Douglas Barnes,BA Sociology,4,3.6,3.3,0,60,9,8,2,8,8,medium
N6459256,Matthew Sandoval,BSc Information Technology,3,3.2,3.1,0,62,6,8,3,10,8,medium
N9206984,Rachel Williams,BA Sociology,2,3.7,3.7,3.7,86,34,12,15,3,11,low
N7899279,Allison Allen,BCom Accounting,1,3.5,3.5,0,88,13,14,9,5,10,low
N7875496,Alexandria Kramer,BA Sociology,2,3.2,0,0,78,8,4,1,8,8,medium
N1334200,Robert Adams,BA English,4,4.0,0,0,78,31,15,9,3,12,low
N4530989,Patricia Gonzalez,BCom Business Management,4,3.3,2.6,0,41,2,0,2,9,5,high
N7935621,Jacqueline Figueroa,BCom Business Management,1,3.4,3.4,3.3,82,21,18,6,6,10,low
N3633108,Daniel Cook Jr.,BSc Mathematics,2,3.4,0,0,91,15,14,10,8,8,low
N5529825,Alexandra Peterson,BEng Mechanical Engineering,4,3.7,3.4,0,27,6,3,2,20,2,high
N6237674,Becky Travis MD,BCom Accounting,4,3.6,3.1,2.8,54,4,1,0,20,2,high
N8206394,Jon Parrish,BSc Information Technology,3,3.1,2.8,0,63,15,6,4,10,7,medium
N7604270,Kristi Sloan,BCom Finance,1,4.0,4.0,4.0,92,28,9,10,1,11,low
N6211168,Jordan Saunders,BEng Electrical Engineering,2,3.3,2.9,2.8,62,12,4,4,13,5,medium
N8944257,Yvonne Mejia,BSc Information Technology,3,3.6,3.7,3.6,90,30,9,5,3,11,low
N7820513,Mr. Daniel Donovan,BA English,4,3.7,3.4,0,78,10,8,2,4,7,medium
N9630721,Monica Sherman,BSc Psychology,4,3.4,3.0,2.9,65,15,3,3,11,8,medium
N3038057,Nicole Molina,BSc Psychology,1,3.3,3.5,0,87,16,18,4,3,12,low
N8015348,Mary Morales,BCom Accounting,3,3.5,3.4,0,90,17,16,12,8,9,low
N9778699,Dr. Sarah Sims PhD,BCom Finance,3,3.5,3.1,2.9,74,10,6,2,6,7,medium
N8950226,Kevin Johnson,BSc Information Technology,1,3.0,2.8,0,61,10,7,2,6,9,medium
N8693923,Christopher Holt,BCom Finance,4,3.5,0,0,75,21,17,7,4,8,low
N1237053,Jessica Torres,BSc Statistics,4,3.9,3.9,0,77,23,16,12,4,10,low
N4398864,Justin Doyle,BSc Psychology,2,3.3,0,0,84,23,15,10,5,12,low
N7424776,Dr. Christina Cook,BEng Mechanical Engineering,4,3.3,3.0,2.6,63,14,2,2,12,9,medium
N3404734,Steven Taylor,BSc Nursing,1,3.1,0,0,55,8,3,1,13,6,medium
N6487648,Joshua Singleton,BSc Mathematics,4,3.4,0,0,76,16,14,11,7,11,low
N9903425,Deborah Daniels,BSc Applied Biology,3,3.1,2.7,2.3,67,12,4,3,12,7,medium
N8305024,James Ellis,BSc Computer Science,3,3.7,0,0,88,29,13,11,5,8,low
N4204180,Cheyenne Marshall,BSc Statistics,1,3.5,0,0,96,23,17,10,4,12,low
N2578878,Rebecca Middleton,BCom Accounting,1,3.7,3.2,2.9,43,4,1,0,17,3,high
N1960109,Paul Garcia,BCom Business Management,4,4.0,0,0,95,27,12,4,5,10,low
N2742939,Jessica Vasquez,BCom Finance,2,3.2,0,0,95,26,13,6,8,12,low
N8438648,Amy Frost,BSc Nursing,1,3.7,0,0,80,16,7,10,2,8,low
N6309658,Daniel Hall,BSc Statistics,3,3.9,0,0,83,18,16,13,1,10,low
N9414204,Gary Flynn,BSc Information Technology,1,3.1,3.0,0,76,11,5,1,5,6,medium
N6220474,Gary Bennett,BSc Information Technology,1,3.2,3.1,0,61,13,5,2,14,5,medium
N4114839,Richard Williams,BA English,1,3.5,3.7,3.8,89,14,7,5,3,8,low
N3226920,Christopher Young,BEng Electrical Engineering,3,3.2,2.9,0,66,12,2,2,8,6,medium
N3971447,Antonio Dominguez,BSc Information Technology,3,3.8,3.2,2.8,40,3,1,0,16,2,high
N7470648,Mr. Christopher Montoya,BSc Nursing,3,3.3,3.3,3.4,86,32,14,11,3,8,low
N4535328,Bradley Mueller,BSc Statistics,1,3.2,3.0,0,77,13,6,3,5,9,medium
N6418889,Philip Terrell,BSc Statistics,1,3.3,3.0,0,75,7,5,2,11,9,medium
N8977497,George Wilson,BSc Nursing,3,3.3,2.9,2.7,58,15,4,1,6,8,medium
N8297560,Deanna Hopkins,BSc Nursing,3,3.6,3.0,2.6,54,1,0,1,22,5,high
N8062972,Andrew Lyons,BEng Civil Engineering,1,3.3,2.9,0,67,9,2,2,12,5,medium
N6589281,Jessica Dominguez,BCom Accounting,2,3.6,2.9,0,30,2,1,2,12,2,high
N4362263,Lee Clark,BEng Electrical Engineering,2,3.9,3.9,0,89,24,8,11,1,9,low
N7279004,Kimberly Adams,BSc Nursing,1,3.2,0,0,88,14,17,7,3,12,low
N8775970,Alicia Salazar,BEng Civil Engineering,2,3.6,0,0,76,11,7,2,11,8,medium
N7607712,Christopher Davis,BEng Mechanical Engineering,1,3.4,3.2,0,59,11,8,3,8,8,medium
N6701752,Charlene Jones,BCom Finance,4,3.4,0,0,74,7,8,2,9,7,medium
N4543890,Patricia Williams,BSc Nursing,4,3.4,0,0,95,19,8,11,4,8,low
N1584294,Cesar Ramirez,BEng Civil Engineering,1,3.4,3.4,0,88,16,10,8,7,11,low
N1205092,Hannah Robles,BCom Finance,4,3.1,0,0,57,10,7,1,14,8,medium
N1914547,Jeremy Oconnor,BSc Psychology,4,3.4,3.5,0,75,27,16,14,7,11,low
N4000429,Michael Edwards,BSc Psychology,2,3.8,3.5,3.1,70,10,8,5,9,5,medium
N1814426,Bonnie Bennett,BSc Information Technology,4,3.4,3.1,0,57,2,1,2,22,4,high
N5968479,Peter Washington,BA Sociology,3,3.6,0,0,74,15,4,3,10,7,medium
N1597521,Kristi Romero,BEng Civil Engineering,2,3.5,2.9,2.4,42,3,0,1,18,3,high
N9278722,Terry Lambert,BCom Finance,2,3.3,2.9,2.4,54,0,1,2,12,6,high
N6479245,Timothy Taylor,BCom Finance,1,3.5,0,0,98,28,15,11,1,8,low
N1375532,Michael Cole,BSc Statistics,1,3.1,2.9,2.6,78,6,4,3,10,8,medium
N9624152,Ashley Bates,BEng Mechanical Engineering,1,3.6,0,0,88,15,18,7,5,10,low
N5644836,Rebecca Wilson,BCom Finance,4,3.4,0,0,70,8,8,4,8,6,medium
N1314051,Michael Jones,BCom Finance,3,3.8,3.7,3.7,96,21,10,4,7,9,low
N5829008,Angela Wilson,BSc Nursing,4,3.6,3.1,2.5,34,0,2,0,10,5,high
N8455510,Joshua Mills,BEng Electrical Engineering,4,3.1,2.9,2.6,72,5,4,3,9,7,medium
N6793159,Robert Stein,BCom Accounting,3,3.1,2.7,2.5,56,15,8,5,5,8,medium
N6899311,Justin Conrad,BSc Computer Science,3,3.5,3.1,0,69,5,3,5,13,6,medium
N3071885,Jordan West,BSc Mathematics,1,3.3,0,0,90,19,12,12,3,11,low
N7853764,Stephanie Herrera,BEng Civil Engineering,3,3.5,0,0,80,17,18,15,7,12,low
N9934008,Jeremy Harris,BSc Information Technology,3,3.3,3.1,0,66,15,2,3,12,9,medium
N1055991,Michael Burke,BSc Applied Biology,2,3.6,3.7,0,89,17,20,6,7,10,low
N7883587,John Contreras,BCom Finance,2,3.4,0,0,78,24,15,14,7,11,low
N6452935,Susan Miller,BSc Information Technology,1,3.5,3.0,0,59,4,0,2,21,1,high
N9578785,David Wyatt,BSc Information Technology,3,3.9,0,0,75,35,15,14,7,12,low
N3225498,Sandra Miller,BSc Mathematics,4,3.4,0,0,82,17,13,15,4,10,low
N9392214,Scott Wilkins,BSc Statistics,2,3.5,3.1,2.7,76,14,5,2,6,8,medium
N9720251,Tara Miranda,BEng Civil Engineering,3,3.8,3.7,0,78,6,2,1,14,8,medium
N9066612,Tammy Arnold,BCom Accounting,4,3.9,0,0,92,15,17,13,1,11,low
N3081328,Kevin Henderson,BCom Finance,1,3.3,3.4,0,98,13,11,10,8,11,low
N9096533,Amanda Lee,BSc Nursing,1,3.4,0,0,86,25,16,9,3,9,low
N5954178,Barbara Snyder,BEng Mechanical Engineering,3,3.6,3.3,0,77,12,8,2,8,7,medium
N5839059,Timothy Reeves,BEng Mechanical Engineering,3,3.2,3.3,0,94,13,18,6,3,12,low
N5947259,Jeffrey Hickman,BCom Business Management,4,3.1,3.0,2.7,77,7,6,3,11,8,medium
N3489124,Jeremy Black,BA Sociology,4,3.5,3.3,0,62,5,8,2,13,7,medium
N6273015,Joshua Klein,BSc Information Technology,2,3.4,3.0,0,60,10,7,2,13,9,medium
N6743965,James Ortiz,BSc Mathematics,2,3.4,0,0,90,17,13,10,1,8,low
N8706139,Dawn Hahn,BCom Business Management,2,3.5,3.1,2.7,78,6,7,2,9,8,medium
N9513036,Spencer Gilmore,BA Sociology,1,3.3,3.5,3.7,86,33,6,10,2,10,low
N5296176,James Lee,BEng Mechanical Engineering,2,3.8,0,0,76,26,15,12,4,9,low
N5655284,Robert Jacobs,BEng Mechanical Engineering,1,3.1,0,0,77,12,3,1,13,7,medium
N5092644,Nancy Frazier,BSc Statistics,1,3.7,3.7,3.6,79,28,10,4,4,9,low
N2398988,Daniel Jordan,BA Sociology,2,3.4,0,0,75,6,3,4,5,8,medium
N8426297,Michael Luna,BCom Finance,4,3.8,0,0,84,30,6,13,7,8,low
N6513654,Cody Wilkerson,BCom Accounting,2,3.6,3.6,3.7,83,25,15,8,8,9,low
N2870157,Jennifer Bush,BSc Information Technology,1,3.8,0,0,76,13,6,3,14,8,medium
N8248007,Charles Simon,BSc Statistics,4,3.5,0,0,71,12,5,2,6,5,medium
N4889005,Renee Salinas,BSc Information Technology,1,3.2,3.0,2.7,76,13,8,2,7,5,medium
N3623750,Lisa Cisneros,BCom Business Management,2,3.4,3.5,0,94,18,15,14,3,10,low
N4837345,Catherine Taylor,BCom Business Management,3,3.9,4.0,0,80,22,14,11,7,10,low
N6167665,Michael Suarez,BSc Computer Science,4,3.3,3.0,0,64,10,7,3,9,8,medium
N4392572,Spencer Smith,BSc Nursing,4,3.2,2.8,2.4,46,2,1,1,16,1,high
N9437990,Brittany Nguyen,BSc Mathematics,2,3.6,3.5,0,85,29,14,15,4,9,low
N9171197,Cody Wall,BSc Computer Science,3,3.2,2.9,2.8,70,14,5,1,14,8,medium
N2241325,Trevor Bryant,BEng Electrical Engineering,3,3.3,3.1,3.0,66,12,4,1,11,6,medium
N5374141,Erica Smith,BEng Electrical Engineering,1,3.6,3.7,0,92,14,13,7,6,12,low
N4603961,Bradley Winters,BSc Nursing,3,3.3,3.3,0,97,34,17,9,6,11,low
N7891727,Kelly Barber,BSc Computer Science,3,3.3,2.7,2.1,36,2,0,0,11,6,high
N6599438,Shirley Nolan,BA Sociology,1,3.5,3.0,0,47,0,2,2,23,3,high
N2226138,Megan Stevens,BSc Information Technology,4,3.6,3.3,0,71,6,6,4,13,6,medium
N6701061,Barbara Wright,BSc Statistics,1,3.6,3.7,3.9,98,16,16,9,2,9,low
N4778731,Derek Roberson,BCom Accounting,2,3.3,0,0,64,5,6,4,4,5,medium
N6949960,Elizabeth Reyes,BA English,2,3.9,4.0,3.9,85,29,13,14,4,12,low
N3136134,Erica Cain,BSc Nursing,3,3.4,0,0,60,6,2,5,13,5,medium
N5547933,Natalie Hawkins,BA English,3,3.4,0,0,96,18,9,8,3,11,low
N4499464,Denise Rivers,BA English,4,3.3,2.8,2.4,48,0,3,0,22,6,high
N4517141,Sheri Ritter,BSc Nursing,3,3.3,3.4,0,78,14,8,12,2,9,low
N5282963,Mrs. Christina Reynolds MD,BEng Civil Engineering,4,3.4,3.3,0,61,6,8,5,9,8,medium
N6044815,Amber Wells,BEng Civil Engineering,4,3.2,3.1,2.8,58,10,4,3,5,8,medium
N3975579,Jason Patel,BEng Electrical Engineering,4,3.5,3.0,0,37,5,2,0,12,2,high
N7960470,Patrick Ward,BSc Statistics,2,3.9,3.9,0,76,31,18,7,5,10,low
N9347594,Jennifer Rhodes,BSc Statistics,3,3.4,3.5,0,96,17,11,5,3,8,low
N3421636,Nicholas Clark,BA Sociology,4,3.9,0,0,75,12,11,4,8,8,low
N6849651,Sydney Blanchard,BEng Civil Engineering,1,3.9,0,0,98,28,8,6,2,8,low
N1012106,Michelle Lloyd,BSc Nursing,3,3.2,2.5,2.1,50,3,3,2,22,2,high
N4293151,Amanda Mcdowell,BSc Mathematics,1,3.3,3.2,3.4,96,34,7,11,8,12,low
N4795398,Megan Adams,BSc Information Technology,3,3.4,3.5,3.5,97,24,10,13,2,9,low
N1574205,Erica Miller,BA English,2,3.8,3.9,0,79,22,12,9,3,12,low
N7656588,Sherry Shah,BSc Mathematics,4,3.5,3.5,3.7,75,16,16,4,4,9,low
N2976676,Sharon Wang,BSc Nursing,2,3.6,3.3,2.9,61,12,6,3,12,8,medium
N9708598,Scott Salas,BSc Computer Science,2,3.2,3.0,0,70,13,5,1,14,7,medium
N5961248,Caitlin Evans,BSc Psychology,2,3.1,2.7,2.2,49,6,0,0,25,6,high
N6938069,William Logan,BCom Finance,1,3.4,0,0,71,8,3,2,4,6,medium
N3663379,John York,BSc Applied Biology,2,3.3,0,0,86,29,9,15,3,10,low
N5671135,Lisa Nguyen,BSc Statistics,4,3.2,3.2,0,97,16,14,13,7,9,low
N2256118,Stephanie Hardy,BEng Mechanical Engineering,1,3.4,3.5,3.5,89,22,8,15,5,8,low
N7563888,Michael Ellis,BCom Business Management,3,3.6,3.1,2.7,46,1,1,1,13,2,high
N8438704,Mr. Scott Williams II,BSc Psychology,3,3.1,2.5,2.2,37,1,3,0,12,2,high
N6013404,William Andrews,BSc Psychology,3,3.7,3.4,3.2,75,14,5,2,14,8,medium
N8145593,Roger Miller,BA English,3,3.7,3.8,3.9,76,24,19,8,2,11,low
N5048217,Jennifer Ayala,BEng Civil Engineering,4,3.7,3.5,3.2,58,6,7,5,13,7,medium
N9519865,Nancy Fisher,BSc Psychology,4,3.3,2.6,2.3,26,6,2,2,16,3,high
N2744250,Cristina Harris,BCom Finance,4,3.8,3.6,3.3,70,8,6,4,14,7,medium
N2653843,Scott Santos,BA English,2,3.7,0,0,96,24,6,13,2,12,low
N8386086,Nancy Roberts,BEng Civil Engineering,4,3.7,3.3,3.2,76,14,5,4,4,7,medium
N2657659,Pedro Harrington,BEng Mechanical Engineering,4,3.4,3.5,0,75,18,15,6,1,10,low
N5172511,Eric Nguyen,BSc Nursing,4,3.4,0,0,83,23,19,14,6,10,low
N6400269,Alexandra Jones,BEng Electrical Engineering,4,3.8,3.9,0,95,20,18,6,4,12,low
N6131062,Michelle Griffin,BCom Finance,4,3.3,3.2,3.2,85,23,15,12,4,10,low
N6653942,Robert Chapman,BEng Electrical Engineering,3,3.8,3.9,0,87,18,10,15,8,10,low
N3984802,David Myers,BSc Psychology,4,3.3,2.9,0,32,4,2,2,25,3,high
N3231911,Raymond Wilcox,BCom Business Management,3,3.9,0,0,79,34,11,12,6,11,low
N3600666,Richard Brown,BSc Mathematics,2,3.7,3.6,0,77,22,9,11,1,9,low
N5979362,Anthony Graves,BCom Business Management,4,3.2,0,0,62,12,7,2,6,5,medium
N4121535,Dennis Henry MD,BSc Statistics,4,3.9,3.9,4.0,88,29,14,13,4,11,low
N7115538,Deanna Leonard,BSc Nursing,3,3.9,0,0,97,23,18,8,7,10,low
N9513662,Erik Fisher,BSc Mathematics,3,3.6,3.3,2.7,28,2,1,2,12,1,high
N1892572,Ann Erickson,BEng Civil Engineering,1,3.6,3.6,0,95,29,19,7,8,10,low
N8996464,Michael Barr,BSc Psychology,3,3.9,0,0,80,12,14,11,1,10,low
N9234422,Travis Simmons,BSc Mathematics,4,3.3,2.6,0,37,4,2,2,8,6,high
N9522069,Brianna Hill,BA English,3,3.8,0,0,77,15,4,3,7,9,medium
N2067513,Dr. Bonnie Miller,BCom Finance,2,3.6,3.5,3.5,94,13,17,9,2,8,low
N2494946,Jessica Greene,BSc Applied Biology,4,3.3,3.4,0,75,32,20,11,2,10,low
N2608319,Shannon Berry,BEng Mechanical Engineering,4,3.4,0,0,87,34,13,6,6,9,low
N4802391,Crystal Valenzuela,BA English,1,3.5,3.6,3.6,90,14,8,8,7,9,low
N2602061,Amanda Ward,BCom Accounting,1,3.1,3.0,2.8,55,14,2,5,4,7,medium
N9358431,Brett Gill,BSc Nursing,1,3.3,0,0,93,30,11,5,3,9,low
N3977821,John Bruce,BSc Computer Science,1,3.6,3.5,0,79,31,11,13,3,11,low
N9698799,Christopher Warner,BSc Information Technology,2,3.3,0,0,84,21,7,9,3,12,low
N2952559,Christine Crawford,BSc Nursing,2,3.7,0,0,94,22,13,14,7,11,low
N1983550,Andrew Ortiz,BSc Statistics,1,3.7,3.4,0,62,12,3,4,4,7,medium
N4371081,Antonio Hendricks,BSc Information Technology,2,3.4,0,0,77,33,16,9,7,12,low
N9228643,Dustin White,BSc Nursing,4,3.0,0,0,75,11,5,4,10,5,medium
N1698478,Holly Brown,BCom Accounting,2,3.4,0,0,84,27,18,8,1,12,low
N7457573,Jordan Andrews,BCom Business Management,4,3.4,3.3,3.4,98,13,14,4,1,10,low
N2655084,Deanna Brown,BSc Statistics,2,3.6,0,0,91,17,14,9,1,9,low
N1261602,Dorothy Rodriguez,BEng Mechanical Engineering,1,3.2,3.2,0,77,34,9,11,4,12,low
N4831443,Jasmine Cox,BEng Electrical Engineering,2,3.5,3.4,0,75,19,16,9,3,11,low
N5573719,Brandon Francis,BEng Civil Engineering,4,3.5,0,0,83,25,16,13,5,9,low
N1701276,Jamie Anderson,BEng Mechanical Engineering,2,3.6,3.5,0,61,12,4,5,4,8,medium
N6492500,Elizabeth Powell,BEng Mechanical Engineering,4,3.1,2.4,1.8,27,0,1,1,10,2,high
N3003211,Dustin Flowers,BSc Psychology,4,3.3,0,0,64,9,8,5,8,5,medium
N4836027,Samantha Holt,BA English,1,3.0,2.8,0,71,5,5,4,5,5,medium
N1688736,David Valentine,BSc Mathematics,3,3.5,3.2,3.0,74,10,5,2,11,9,medium
N8751668,Dawn Armstrong MD,BEng Electrical Engineering,3,3.2,2.7,0,20,1,2,1,13,3,high
N1424625,Steven Kirby,BCom Business Management,2,3.7,0,0,62,7,7,2,9,8,medium
N2868408,Susan Ford,BSc Computer Science,2,3.7,3.8,0,84,29,8,6,6,8,low
N1099012,Wendy Orr,BCom Finance,1,3.5,3.4,3.4,85,23,6,6,2,9,low
N8993139,Colleen Patel,BEng Civil Engineering,4,3.9,3.9,4.0,95,13,15,12,2,8,low
N8633369,Michael Walker,BSc Information Technology,3,3.6,0,0,82,33,13,13,5,10,low
N3689667,Elizabeth Ruiz,BEng Civil Engineering,3,3.3,0,0,64,15,7,2,10,7,medium
N6921373,Dawn Diaz,BEng Mechanical Engineering,4,3.2,2.7,2.2,49,3,1,1,12,6,high
N3233293,Gail Conner,BSc Mathematics,2,3.6,0,0,67,12,4,3,9,8,medium
N7848595,Mario Miller,BEng Electrical Engineering,4,3.5,3.5,0,93,18,19,15,6,11,low
N6665383,Jesse Dean,BSc Statistics,4,3.4,2.8,0,48,2,3,0,14,2,high
N3614824,David Willis,BSc Nursing,4,3.5,3.1,0,48,0,1,1,13,3,high
N9901791,Hannah Campbell,BSc Applied Biology,1,3.6,0,0,78,7,8,4,9,9,medium
N6256199,Anthony Marsh,BEng Electrical Engineering,2,3.9,3.9,0,77,12,6,4,6,8,low
N8970642,Mark Jarvis,BCom Accounting,3,3.3,0,0,57,10,6,3,13,8,medium
N9930598,Randy Zamora,BSc Information Technology,3,3.7,3.3,2.8,55,1,1,0,21,1,high
N1660659,Jeremy Smith,BSc Information Technology,2,3.3,3.3,0,82,15,16,6,8,8,low
N4050662,Robert Serrano,BSc Information Technology,3,3.6,0,0,93,34,19,9,8,12,low
N6034918,Jeanette Barnes DDS,BSc Psychology,2,3.7,0,0,77,23,7,6,3,12,low
N9300525,Cheryl Sanders,BCom Business Management,3,3.2,3.2,3.2,85,21,17,5,6,12,low
N1872600,James Ashley,BSc Nursing,1,3.5,3.1,2.4,37,4,0,1,18,2,high
N1526365,Mary Newton,BCom Accounting,4,3.1,3.0,2.7,76,12,7,1,9,9,medium
N7293837,Amy Fox,BSc Nursing,3,3.3,2.8,2.4,50,3,3,0,16,6,high
N6345454,Jeremy Green,BSc Computer Science,2,3.9,0,0,90,21,10,5,8,8,low
N3583794,Joseph Parker,BA English,1,3.7,0,0,78,19,7,6,6,8,low
N2180827,Kevin Arroyo,BSc Applied Biology,3,3.3,3.5,3.7,75,35,6,15,6,12,low
N2361565,Michael Craig PhD,BA English,2,3.3,3.5,3.4,78,31,7,4,3,9,low
N4231939,Jesse Hoffman,BEng Mechanical Engineering,4,3.4,0,0,77,6,5,3,14,9,medium
N4102574,Tony Ross,BEng Electrical Engineering,2,3.6,0,0,80,27,10,15,1,11,low
N4138145,Hayden Brown,BEng Electrical Engineering,4,3.7,0,0,72,14,3,1,5,6,medium
N8155873,Alexandra Duncan,BA Sociology,1,3.4,3.5,0,93,21,15,10,5,9,low
N2053323,Dr. Jennifer Miranda,BEng Civil Engineering,1,3.6,3.5,3.6,96,20,10,6,2,8,low
N7064624,Jamie Hart,BCom Accounting,3,3.8,3.9,3.8,97,26,6,15,2,10,low
N6259232,Jill Mcconnell,BSc Computer Science,3,3.4,3.2,2.9,78,12,4,4,8,8,medium
N8586261,Robert Lopez,BSc Computer Science,2,3.1,2.8,2.6,69,10,8,4,11,8,medium
N8287708,Alex Miller,BEng Electrical Engineering,2,3.8,4.0,3.9,87,32,8,10,6,8,low
N1363741,Kimberly Ramirez,BCom Business Management,3,3.4,3.0,0,45,3,1,1,18,2,high
N3681345,Brian Brown,BSc Psychology,3,3.4,3.3,2.9,70,14,7,4,10,8,medium
N7985116,Mary Brewer,BSc Nursing,3,3.6,3.7,0,94,21,8,7,8,9,low
N5729448,Mr. Casey Garcia DVM,BCom Business Management,2,3.5,3.6,0,88,31,7,13,3,12,low
N5129038,David Glover,BSc Statistics,3,3.2,2.9,0,70,6,2,4,9,8,medium
N3132935,Darrell Lam,BEng Mechanical Engineering,2,4.0,4.0,4.0,90,20,14,9,6,9,low
